event_month,event_type,event_count
2022-10,DEVICE_DISPOSED,703
2022-10,DEVICE_RECEIVED,3982
2022-10,DEVICE_REGISTERED,255
2022-10,DEVICE_STATUS_CHANGED,22394
2022-10,DEVICE_TRANSFERRED,20482
2022-10,MAINTENANCE_COMPLETED,33406
2022-10,REPAIR_COMPLETED,23616
2022-11,DEVICE_DISPOSED,645
2022-11,DEVICE_RECEIVED,3961
2022-11,DEVICE_REGISTERED,242
2022-11,DEVICE_STATUS_CHANGED,22101
2022-11,DEVICE_TRANSFERRED,19930
2022-11,MAINTENANCE_COMPLETED,33063
2022-11,REPAIR_COMPLETED,22817
2022-12,DEVICE_DISPOSED,707
2022-12,DEVICE_RECEIVED,4109
2022-12,DEVICE_REGISTERED,249
2022-12,DEVICE_STATUS_CHANGED,22927
2022-12,DEVICE_TRANSFERRED,20582
2022-12,MAINTENANCE_COMPLETED,33962
2022-12,REPAIR_COMPLETED,23941
2023-01,DEVICE_DISPOSED,718
2023-01,DEVICE_RECEIVED,4098
2023-01,DEVICE_REGISTERED,234
2023-01,DEVICE_STATUS_CHANGED,22640
2023-01,DEVICE_TRANSFERRED,20253
2023-01,MAINTENANCE_COMPLETED,33831
2023-01,REPAIR_COMPLETED,23925
2023-02,DEVICE_DISPOSED,585
2023-02,DEVICE_RECEIVED,3682
2023-02,DEVICE_REGISTERED,185
2023-02,DEVICE_STATUS_CHANGED,20468
2023-02,DEVICE_TRANSFERRED,18365
2023-02,MAINTENANCE_COMPLETED,31105
2023-02,REPAIR_COMPLETED,21500
2023-03,DEVICE_DISPOSED,690
2023-03,DEVICE_RECEIVED,4077
2023-03,DEVICE_REGISTERED,223
2023-03,DEVICE_STATUS_CHANGED,22582
2023-03,DEVICE_TRANSFERRED,20359
2023-03,MAINTENANCE_COMPLETED,34154
2023-03,REPAIR_COMPLETED,23859
2023-04,DEVICE_DISPOSED,651
2023-04,DEVICE_RECEIVED,4005
2023-04,DEVICE_REGISTERED,228
2023-04,DEVICE_STATUS_CHANGED,22143
2023-04,DEVICE_TRANSFERRED,19903
2023-04,MAINTENANCE_COMPLETED,33135
2023-04,REPAIR_COMPLETED,23324
2023-05,DEVICE_DISPOSED,677
2023-05,DEVICE_RECEIVED,4051
2023-05,DEVICE_REGISTERED,231
2023-05,DEVICE_STATUS_CHANGED,22959
2023-05,DEVICE_TRANSFERRED,20361
2023-05,MAINTENANCE_COMPLETED,33975
2023-05,REPAIR_COMPLETED,23992
2023-06,DEVICE_DISPOSED,686
2023-06,DEVICE_RECEIVED,3825
2023-06,DEVICE_REGISTERED,233
2023-06,DEVICE_STATUS_CHANGED,21990
2023-06,DEVICE_TRANSFERRED,19950
2023-06,MAINTENANCE_COMPLETED,33040
2023-06,REPAIR_COMPLETED,23127
2023-07,DEVICE_DISPOSED,666
2023-07,DEVICE_RECEIVED,4067
2023-07,DEVICE_REGISTERED,223
2023-07,DEVICE_STATUS_CHANGED,22817
2023-07,DEVICE_TRANSFERRED,20343
2023-07,MAINTENANCE_COMPLETED,33910
2023-07,REPAIR_COMPLETED,23808
2023-08,DEVICE_DISPOSED,724
2023-08,DEVICE_RECEIVED,4079
2023-08,DEVICE_REGISTERED,239
2023-08,DEVICE_STATUS_CHANGED,22727
2023-08,DEVICE_TRANSFERRED,20223
2023-08,MAINTENANCE_COMPLETED,34575
2023-08,REPAIR_COMPLETED,23640
2023-09,DEVICE_DISPOSED,583
2023-09,DEVICE_RECEIVED,4067
2023-09,DEVICE_REGISTERED,229
2023-09,DEVICE_STATUS_CHANGED,21937
2023-09,DEVICE_TRANSFERRED,19716
2023-09,MAINTENANCE_COMPLETED,33163
2023-09,REPAIR_COMPLETED,23247
2023-10,DEVICE_DISPOSED,651
2023-10,DEVICE_RECEIVED,4027
2023-10,DEVICE_REGISTERED,222
2023-10,DEVICE_STATUS_CHANGED,22773
2023-10,DEVICE_TRANSFERRED,20383
2023-10,MAINTENANCE_COMPLETED,33713
2023-10,REPAIR_COMPLETED,23981
2023-11,DEVICE_DISPOSED,688
2023-11,DEVICE_RECEIVED,4025
2023-11,DEVICE_REGISTERED,223
2023-11,DEVICE_STATUS_CHANGED,22020
2023-11,DEVICE_TRANSFERRED,19810
2023-11,MAINTENANCE_COMPLETED,33131
2023-11,REPAIR_COMPLETED,23201
2023-12,DEVICE_DISPOSED,680
2023-12,DEVICE_RECEIVED,4023
2023-12,DEVICE_REGISTERED,234
2023-12,DEVICE_STATUS_CHANGED,22672
2023-12,DEVICE_TRANSFERRED,20207
2023-12,MAINTENANCE_COMPLETED,34320
2023-12,REPAIR_COMPLETED,23831
2024-01,DEVICE_DISPOSED,681
2024-01,DEVICE_RECEIVED,4064
2024-01,DEVICE_REGISTERED,231
2024-01,DEVICE_STATUS_CHANGED,22674
2024-01,DEVICE_TRANSFERRED,20281
2024-01,MAINTENANCE_COMPLETED,34092
2024-01,REPAIR_COMPLETED,23844
2024-02,DEVICE_DISPOSED,687
2024-02,DEVICE_RECEIVED,3812
2024-02,DEVICE_REGISTERED,212
2024-02,DEVICE_STATUS_CHANGED,21356
2024-02,DEVICE_TRANSFERRED,18871
2024-02,MAINTENANCE_COMPLETED,32018
2024-02,REPAIR_COMPLETED,22145
2024-03,DEVICE_DISPOSED,689
2024-03,DEVICE_RECEIVED,4068
2024-03,DEVICE_REGISTERED,241
2024-03,DEVICE_STATUS_CHANGED,22594
2024-03,DEVICE_TRANSFERRED,20538
2024-03,MAINTENANCE_COMPLETED,34241
2024-03,REPAIR_COMPLETED,23798
2024-04,DEVICE_DISPOSED,694
2024-04,DEVICE_RECEIVED,4062
2024-04,DEVICE_REGISTERED,212
2024-04,DEVICE_STATUS_CHANGED,22082
2024-04,DEVICE_TRANSFERRED,19662
2024-04,MAINTENANCE_COMPLETED,33058
2024-04,REPAIR_COMPLETED,22954
2024-05,DEVICE_DISPOSED,656
2024-05,DEVICE_RECEIVED,4070
2024-05,DEVICE_REGISTERED,227
2024-05,DEVICE_STATUS_CHANGED,22726
2024-05,DEVICE_TRANSFERRED,20436
2024-05,MAINTENANCE_COMPLETED,34235
2024-05,REPAIR_COMPLETED,23987
2024-06,DEVICE_DISPOSED,638
2024-06,DEVICE_RECEIVED,4010
2024-06,DEVICE_REGISTERED,227
2024-06,DEVICE_STATUS_CHANGED,21929
2024-06,DEVICE_TRANSFERRED,19994
2024-06,MAINTENANCE_COMPLETED,32824
2024-06,REPAIR_COMPLETED,22909
2024-07,DEVICE_DISPOSED,685
2024-07,DEVICE_RECEIVED,4088
2024-07,DEVICE_REGISTERED,235
2024-07,DEVICE_STATUS_CHANGED,22593
2024-07,DEVICE_TRANSFERRED,20481
2024-07,MAINTENANCE_COMPLETED,34204
2024-07,REPAIR_COMPLETED,23592
2024-08,DEVICE_DISPOSED,677
2024-08,DEVICE_RECEIVED,4201
2024-08,DEVICE_REGISTERED,242
2024-08,DEVICE_STATUS_CHANGED,22715
2024-08,DEVICE_TRANSFERRED,20335
2024-08,MAINTENANCE_COMPLETED,34095
2024-08,REPAIR_COMPLETED,23748
2024-09,DEVICE_DISPOSED,707
2024-09,DEVICE_RECEIVED,3919
2024-09,DEVICE_REGISTERED,240
2024-09,DEVICE_STATUS_CHANGED,21906
2024-09,DEVICE_TRANSFERRED,19931
2024-09,MAINTENANCE_COMPLETED,32884
2024-09,REPAIR_COMPLETED,23353
2024-10,DEVICE_DISPOSED,674
2024-10,DEVICE_RECEIVED,3991
2024-10,DEVICE_REGISTERED,223
2024-10,DEVICE_STATUS_CHANGED,22854
2024-10,DEVICE_TRANSFERRED,20304
2024-10,MAINTENANCE_COMPLETED,34253
2024-10,REPAIR_COMPLETED,23987
2024-11,DEVICE_DISPOSED,627
2024-11,DEVICE_RECEIVED,3926
2024-11,DEVICE_REGISTERED,214
2024-11,DEVICE_STATUS_CHANGED,21978
2024-11,DEVICE_TRANSFERRED,19756
2024-11,MAINTENANCE_COMPLETED,32956
2024-11,REPAIR_COMPLETED,22970
2024-12,DEVICE_DISPOSED,656
2024-12,DEVICE_RECEIVED,4143
2024-12,DEVICE_REGISTERED,236
2024-12,DEVICE_STATUS_CHANGED,23056
2024-12,DEVICE_TRANSFERRED,20650
2024-12,MAINTENANCE_COMPLETED,34085
2024-12,REPAIR_COMPLETED,23952
2025-01,DEVICE_DISPOSED,677
2025-01,DEVICE_RECEIVED,4064
2025-01,DEVICE_REGISTERED,219
2025-01,DEVICE_STATUS_CHANGED,22955
2025-01,DEVICE_TRANSFERRED,20526
2025-01,MAINTENANCE_COMPLETED,33960
2025-01,REPAIR_COMPLETED,23944
2025-02,DEVICE_DISPOSED,645
2025-02,DEVICE_RECEIVED,3736
2025-02,DEVICE_REGISTERED,197
2025-02,DEVICE_STATUS_CHANGED,20787
2025-02,DEVICE_TRANSFERRED,18578
2025-02,MAINTENANCE_COMPLETED,30849
2025-02,REPAIR_COMPLETED,21421
2025-03,DEVICE_DISPOSED,710
2025-03,DEVICE_RECEIVED,4153
2025-03,DEVICE_REGISTERED,213
2025-03,DEVICE_STATUS_CHANGED,22736
2025-03,DEVICE_TRANSFERRED,20339
2025-03,MAINTENANCE_COMPLETED,34215
2025-03,REPAIR_COMPLETED,23907
2025-04,DEVICE_DISPOSED,687
2025-04,DEVICE_RECEIVED,3972
2025-04,DEVICE_REGISTERED,245
2025-04,DEVICE_STATUS_CHANGED,21845
2025-04,DEVICE_TRANSFERRED,19889
2025-04,MAINTENANCE_COMPLETED,32885
2025-04,REPAIR_COMPLETED,23048
2025-05,DEVICE_DISPOSED,624
2025-05,DEVICE_RECEIVED,4174
2025-05,DEVICE_REGISTERED,222
2025-05,DEVICE_STATUS_CHANGED,22839
2025-05,DEVICE_TRANSFERRED,20301
2025-05,MAINTENANCE_COMPLETED,34115
2025-05,REPAIR_COMPLETED,23937
2025-06,DEVICE_DISPOSED,638
2025-06,DEVICE_RECEIVED,3890
2025-06,DEVICE_REGISTERED,213
2025-06,DEVICE_STATUS_CHANGED,21962
2025-06,DEVICE_TRANSFERRED,19857
2025-06,MAINTENANCE_COMPLETED,33152
2025-06,REPAIR_COMPLETED,23136
2025-07,DEVICE_DISPOSED,706
2025-07,DEVICE_RECEIVED,4097
2025-07,DEVICE_REGISTERED,242
2025-07,DEVICE_STATUS_CHANGED,22273
2025-07,DEVICE_TRANSFERRED,20316
2025-07,MAINTENANCE_COMPLETED,34353
2025-07,REPAIR_COMPLETED,23704
2025-08,DEVICE_DISPOSED,728
2025-08,DEVICE_RECEIVED,4041
2025-08,DEVICE_REGISTERED,217
2025-08,DEVICE_STATUS_CHANGED,23109
2025-08,DEVICE_TRANSFERRED,20391
2025-08,MAINTENANCE_COMPLETED,33928
2025-08,REPAIR_COMPLETED,23737
2025-09,DEVICE_DISPOSED,698
2025-09,DEVICE_RECEIVED,3941
2025-09,DEVICE_REGISTERED,236
2025-09,DEVICE_STATUS_CHANGED,21974
2025-09,DEVICE_TRANSFERRED,19876
2025-09,MAINTENANCE_COMPLETED,33001
2025-09,REPAIR_COMPLETED,23109
2025-10,DEVICE_DISPOSED,736
2025-10,DEVICE_RECEIVED,4128
2025-10,DEVICE_REGISTERED,217
2025-10,DEVICE_STATUS_CHANGED,23078
2025-10,DEVICE_TRANSFERRED,20511
2025-10,MAINTENANCE_COMPLETED,33896
2025-10,REPAIR_COMPLETED,23849
2025-11,DEVICE_DISPOSED,629
2025-11,DEVICE_RECEIVED,3833
2025-11,DEVICE_REGISTERED,213
2025-11,DEVICE_STATUS_CHANGED,22323
2025-11,DEVICE_TRANSFERRED,20020
2025-11,MAINTENANCE_COMPLETED,32922
2025-11,REPAIR_COMPLETED,23209
2025-12,DEVICE_DISPOSED,657
2025-12,DEVICE_RECEIVED,4020
2025-12,DEVICE_REGISTERED,208
2025-12,DEVICE_STATUS_CHANGED,22721
2025-12,DEVICE_TRANSFERRED,20486
2025-12,MAINTENANCE_COMPLETED,33917
2025-12,REPAIR_COMPLETED,23761
2026-01,DEVICE_DISPOSED,703
2026-01,DEVICE_RECEIVED,4025
2026-01,DEVICE_REGISTERED,232
2026-01,DEVICE_STATUS_CHANGED,22773
2026-01,DEVICE_TRANSFERRED,20363
2026-01,MAINTENANCE_COMPLETED,34297
2026-01,REPAIR_COMPLETED,23964
2026-02,DEVICE_DISPOSED,608
2026-02,DEVICE_RECEIVED,3688
2026-02,DEVICE_REGISTERED,208
2026-02,DEVICE_STATUS_CHANGED,20364
2026-02,DEVICE_TRANSFERRED,18365
2026-02,MAINTENANCE_COMPLETED,30846
2026-02,REPAIR_COMPLETED,21463
2026-03,DEVICE_DISPOSED,644
2026-03,DEVICE_RECEIVED,4008
2026-03,DEVICE_REGISTERED,245
2026-03,DEVICE_STATUS_CHANGED,22621
2026-03,DEVICE_TRANSFERRED,20330
2026-03,MAINTENANCE_COMPLETED,34135
2026-03,REPAIR_COMPLETED,24063
2026-04,DEVICE_DISPOSED,706
2026-04,DEVICE_RECEIVED,3906
2026-04,DEVICE_REGISTERED,201
2026-04,DEVICE_STATUS_CHANGED,22077
2026-04,DEVICE_TRANSFERRED,19718
2026-04,MAINTENANCE_COMPLETED,33272
2026-04,REPAIR_COMPLETED,23686
2026-05,DEVICE_DISPOSED,656
2026-05,DEVICE_RECEIVED,4068
2026-05,DEVICE_REGISTERED,220
2026-05,DEVICE_STATUS_CHANGED,22925
2026-05,DEVICE_TRANSFERRED,20360
2026-05,MAINTENANCE_COMPLETED,34305
2026-05,REPAIR_COMPLETED,24036
2026-06,DEVICE_DISPOSED,654
2026-06,DEVICE_RECEIVED,3918
2026-06,DEVICE_REGISTERED,223
2026-06,DEVICE_STATUS_CHANGED,21952
2026-06,DEVICE_TRANSFERRED,19961
2026-06,MAINTENANCE_COMPLETED,32543
2026-06,REPAIR_COMPLETED,23186
2026-07,DEVICE_DISPOSED,674
2026-07,DEVICE_RECEIVED,4205
2026-07,DEVICE_REGISTERED,219
2026-07,DEVICE_STATUS_CHANGED,22678
2026-07,DEVICE_TRANSFERRED,20526
2026-07,MAINTENANCE_COMPLETED,33957
2026-07,REPAIR_COMPLETED,23971
2026-08,DEVICE_DISPOSED,677
2026-08,DEVICE_RECEIVED,4133
2026-08,DEVICE_REGISTERED,215
2026-08,DEVICE_STATUS_CHANGED,22657
2026-08,DEVICE_TRANSFERRED,20814
2026-08,MAINTENANCE_COMPLETED,33975
2026-08,REPAIR_COMPLETED,23581
2026-09,DEVICE_DISPOSED,611
2026-09,DEVICE_RECEIVED,3881
2026-09,DEVICE_REGISTERED,222
2026-09,DEVICE_STATUS_CHANGED,21265
2026-09,DEVICE_TRANSFERRED,19162
2026-09,MAINTENANCE_COMPLETED,32195
2026-09,REPAIR_COMPLETED,22452
