department_id,repair_count,repair_cost,department_name
fb688ffc-1b11-4eff-98f2-9ddc42bee05d,2812,3.5831673E10,Cấp cứu
dbf5de02-231e-458c-9575-ad273ed5f5b8,1056,1.3159039E10,Truyền nhiễm
f1bd3fb4-d29a-4a49-a73f-fcb9d140af66,932,1.195119E10,CĐHA
5e9a7ead-ebbc-4d90-9dfa-960b95ff7c32,885,1.1582138E10,Nội tổng hợp
d5382c80-abaa-4a87-b4a1-cb76fb0f264c,837,1.0758874E10,Nội tiêu hoá
3063f084-58b4-4185-9334-5219ca4fd060,831,1.0864371E10,Nội thận - Nội tiết
42ee3277-2e48-431d-b386-6ea209c2fcab,772,9.964918E9,Khám bệnh
7fa95649-4f83-4422-99e3-aecc70af8737,594,7.39488E9,Tai Mũi Họng
087cb0cc-f07b-4d69-aa97-f0fb17ac6bf5,526,6.590747E9,Răng Hàm Mặt
02e6a10b-282c-4bf5-a61a-547e12683222,502,6.633665E9,Ngoại TK-CS
de1fc8ff-31ca-453a-8e05-4ef6f6344a89,498,6.377786E9,Phụ Sản
5221b7d8-06db-4aae-aaff-9bb16ecffd99,485,6.239049E9,Ngoại TH
e19c99a4-ade8-4c7f-a494-8746650c680c,483,6.263789E9,KSNK
8e27f500-7d94-4ee5-be36-9f990b34e092,369,4.547102E9,Ngoại TN-LN
3abaabf6-cb3c-4665-9bf7-51e15d6b83a6,322,4.18883E9,Ung bướu
053d4a00-e594-4305-ae71-a96c95a13530,172,2.248122E9,Mắt
5cbbfa1e-37f3-448b-a3bd-d3f30054ca16,55,7.58107E8,YHCT-PHCN
4aa84ab5-5871-45cf-84b9-0fff65358075,51,6.39964E8,Giải phẫu bệnh
35abc5ec-fbe4-40a6-8752-2cba3fb328ba,48,5.51603E8,GM-HS
f75d2bae-4cbf-4736-ae9b-4da7cbd1dada,42,5.0625E8,CTCH-Bỏng
5efa96ef-94e4-475f-ab85-574e4e8366bd,35,4.88288E8,Hoá sinh
38a452c4-a457-49c8-b4e7-5a9dfefbf45a,32,4.13693E8,Đơn vị TNT
cfeb1a0b-e69b-4ef5-b5ef-3431f0ad201c,31,3.56709E8,HHTM
52802a7b-96a8-41fd-8129-b93e575505fd,27,2.86984E8,HSTC_CĐ
c4906dc0-8389-4c68-bf7d-24e6b583a877,27,3.34834E8,Hồi tỉnh
8ccc225a-74c4-4260-86d3-0ca2b2f49602,22,2.96299E8,Vi sinh
