department_id,maintenance_cost,department_name
fb688ffc-1b11-4eff-98f2-9ddc42bee05d,2.307813E10,Cấp cứu
dbf5de02-231e-458c-9575-ad273ed5f5b8,8.161507E9,Truyền nhiễm
f1bd3fb4-d29a-4a49-a73f-fcb9d140af66,7.398635E9,CĐHA
5e9a7ead-ebbc-4d90-9dfa-960b95ff7c32,7.342629E9,Nội tổng hợp
d5382c80-abaa-4a87-b4a1-cb76fb0f264c,6.705061E9,Nội tiêu hoá
3063f084-58b4-4185-9334-5219ca4fd060,6.528354E9,Nội thận - Nội tiết
42ee3277-2e48-431d-b386-6ea209c2fcab,5.933321E9,Khám bệnh
087cb0cc-f07b-4d69-aa97-f0fb17ac6bf5,4.508097E9,Răng Hàm Mặt
7fa95649-4f83-4422-99e3-aecc70af8737,4.31693E9,Tai Mũi Họng
de1fc8ff-31ca-453a-8e05-4ef6f6344a89,4.188007E9,Phụ Sản
02e6a10b-282c-4bf5-a61a-547e12683222,3.98687E9,Ngoại TK-CS
5221b7d8-06db-4aae-aaff-9bb16ecffd99,3.722727E9,Ngoại TH
8e27f500-7d94-4ee5-be36-9f990b34e092,3.227382E9,Ngoại TN-LN
e19c99a4-ade8-4c7f-a494-8746650c680c,3.184101E9,KSNK
3abaabf6-cb3c-4665-9bf7-51e15d6b83a6,2.663388E9,Ung bướu
053d4a00-e594-4305-ae71-a96c95a13530,1.370148E9,Mắt
35abc5ec-fbe4-40a6-8752-2cba3fb328ba,4.42305E8,GM-HS
4aa84ab5-5871-45cf-84b9-0fff65358075,3.90424E8,Giải phẫu bệnh
5cbbfa1e-37f3-448b-a3bd-d3f30054ca16,3.8703E8,YHCT-PHCN
52802a7b-96a8-41fd-8129-b93e575505fd,3.86135E8,HSTC_CĐ
cfeb1a0b-e69b-4ef5-b5ef-3431f0ad201c,3.25614E8,HHTM
38a452c4-a457-49c8-b4e7-5a9dfefbf45a,3.07734E8,Đơn vị TNT
f75d2bae-4cbf-4736-ae9b-4da7cbd1dada,3.04208E8,CTCH-Bỏng
c4906dc0-8389-4c68-bf7d-24e6b583a877,2.62281E8,Hồi tỉnh
8ccc225a-74c4-4260-86d3-0ca2b2f49602,2.58801E8,Vi sinh
5efa96ef-94e4-475f-ab85-574e4e8366bd,1.57608E8,Hoá sinh
