event_month,maintenance_cost,repair_cost
2022-10,1.37033975598E11,3.01624124278E11
2022-11,1.36027161505E11,2.89137893648E11
2022-12,1.39120636001E11,3.04437661618E11
2023-01,1.38268831452E11,3.05980898344E11
2023-02,1.26333096938E11,2.72616602537E11
2023-03,1.40086938652E11,3.03593359072E11
2023-04,1.35374168541E11,2.96298627109E11
2023-05,1.38863298921E11,3.05326080037E11
2023-06,1.35359507089E11,2.96299339191E11
2023-07,1.39101696885E11,3.03990492789E11
2023-08,1.41992078277E11,3.00738153853E11
2023-09,1.3564955887E11,2.95698085299E11
2023-10,1.38054631816E11,3.05948590358E11
2023-11,1.3539585135E11,2.94000490433E11
2023-12,1.40727309928E11,3.05135913397E11
2024-01,1.39984964916E11,3.04482526033E11
2024-02,1.31734991516E11,2.82362301439E11
2024-03,1.40789792439E11,3.03782710869E11
2024-04,1.35583179292E11,2.92736656166E11
2024-05,1.39472547424E11,3.07348750755E11
2024-06,1.34345948323E11,2.92313859005E11
2024-07,1.39993172996E11,2.99918408314E11
2024-08,1.39802108902E11,3.02574828603E11
2024-09,1.35407493498E11,2.97037697443E11
2024-10,1.40979660674E11,3.04894783027E11
2024-11,1.35486070657E11,2.93307419977E11
2024-12,1.39488691411E11,3.05106703129E11
2025-01,1.39351204691E11,3.04801200323E11
2025-02,1.26063185225E11,2.73974324528E11
2025-03,1.40423589544E11,3.03302070398E11
2025-04,1.34058150529E11,2.94230827914E11
2025-05,1.40490820963E11,3.06162003506E11
2025-06,1.35776682843E11,2.95103167715E11
2025-07,1.40966787296E11,3.02818595603E11
2025-08,1.38607256093E11,3.04483234017E11
2025-09,1.34547339537E11,2.95892985497E11
2025-10,1.38533490562E11,3.04014455155E11
2025-11,1.34542475383E11,2.94110221952E11
2025-12,1.39282260797E11,3.01321386763E11
2026-01,1.40733587089E11,3.05595826532E11
2026-02,1.27311357032E11,2.7364891502E11
2026-03,1.40357510424E11,3.05663981538E11
2026-04,1.36339840048E11,3.02305508101E11
2026-05,1.40662472323E11,3.09812190134E11
2026-06,1.33216380957E11,2.9287152997E11
2026-07,1.39163787798E11,3.04027088977E11
2026-08,1.38470433881E11,3.01279751482E11
2026-09,1.32199761787E11,2.86886162931E11
