event_date,event_type,event_count
2022-10-01,REPAIR_COMPLETED,481
2022-10-02,REPAIR_COMPLETED,775
2022-10-03,REPAIR_COMPLETED,732
2022-10-04,REPAIR_COMPLETED,796
2022-10-05,REPAIR_COMPLETED,794
2022-10-06,REPAIR_COMPLETED,736
2022-10-07,REPAIR_COMPLETED,765
2022-10-08,REPAIR_COMPLETED,829
2022-10-09,REPAIR_COMPLETED,735
2022-10-10,REPAIR_COMPLETED,755
2022-10-11,REPAIR_COMPLETED,745
2022-10-12,REPAIR_COMPLETED,770
2022-10-13,REPAIR_COMPLETED,766
2022-10-14,REPAIR_COMPLETED,747
2022-10-15,REPAIR_COMPLETED,816
2022-10-16,REPAIR_COMPLETED,770
2022-10-17,REPAIR_COMPLETED,747
2022-10-18,REPAIR_COMPLETED,780
2022-10-19,REPAIR_COMPLETED,758
2022-10-20,REPAIR_COMPLETED,790
2022-10-21,REPAIR_COMPLETED,776
2022-10-22,REPAIR_COMPLETED,765
2022-10-23,REPAIR_COMPLETED,731
2022-10-24,REPAIR_COMPLETED,751
2022-10-25,REPAIR_COMPLETED,766
2022-10-26,REPAIR_COMPLETED,786
2022-10-27,REPAIR_COMPLETED,806
2022-10-28,REPAIR_COMPLETED,825
2022-10-29,REPAIR_COMPLETED,783
2022-10-30,REPAIR_COMPLETED,747
2022-10-31,REPAIR_COMPLETED,793
2022-11-01,REPAIR_COMPLETED,742
2022-11-02,REPAIR_COMPLETED,763
2022-11-03,REPAIR_COMPLETED,802
2022-11-04,REPAIR_COMPLETED,786
2022-11-05,REPAIR_COMPLETED,730
2022-11-06,REPAIR_COMPLETED,763
2022-11-07,REPAIR_COMPLETED,729
2022-11-08,REPAIR_COMPLETED,787
2022-11-09,REPAIR_COMPLETED,762
2022-11-10,REPAIR_COMPLETED,752
2022-11-11,REPAIR_COMPLETED,762
2022-11-12,REPAIR_COMPLETED,691
2022-11-13,REPAIR_COMPLETED,797
2022-11-14,REPAIR_COMPLETED,748
2022-11-15,REPAIR_COMPLETED,754
2022-11-16,REPAIR_COMPLETED,738
2022-11-17,REPAIR_COMPLETED,745
2022-11-18,REPAIR_COMPLETED,754
2022-11-19,REPAIR_COMPLETED,758
2022-11-20,REPAIR_COMPLETED,744
2022-11-21,REPAIR_COMPLETED,825
2022-11-22,REPAIR_COMPLETED,815
2022-11-23,REPAIR_COMPLETED,781
2022-11-24,REPAIR_COMPLETED,821
2022-11-25,REPAIR_COMPLETED,775
2022-11-26,REPAIR_COMPLETED,655
2022-11-27,REPAIR_COMPLETED,783
2022-11-28,REPAIR_COMPLETED,733
2022-11-29,REPAIR_COMPLETED,755
2022-11-30,REPAIR_COMPLETED,767
2022-12-01,REPAIR_COMPLETED,730
2022-12-02,REPAIR_COMPLETED,800
2022-12-03,REPAIR_COMPLETED,787
2022-12-04,REPAIR_COMPLETED,799
2022-12-05,REPAIR_COMPLETED,786
2022-12-06,REPAIR_COMPLETED,742
2022-12-07,REPAIR_COMPLETED,791
2022-12-08,REPAIR_COMPLETED,748
2022-12-09,REPAIR_COMPLETED,742
2022-12-10,REPAIR_COMPLETED,768
2022-12-11,REPAIR_COMPLETED,764
2022-12-12,REPAIR_COMPLETED,795
2022-12-13,REPAIR_COMPLETED,776
2022-12-14,REPAIR_COMPLETED,795
2022-12-15,REPAIR_COMPLETED,705
2022-12-16,REPAIR_COMPLETED,792
2022-12-17,REPAIR_COMPLETED,744
2022-12-18,REPAIR_COMPLETED,757
2022-12-19,REPAIR_COMPLETED,754
2022-12-20,REPAIR_COMPLETED,715
2022-12-21,REPAIR_COMPLETED,792
2022-12-22,REPAIR_COMPLETED,803
2022-12-23,REPAIR_COMPLETED,814
2022-12-24,REPAIR_COMPLETED,731
2022-12-25,REPAIR_COMPLETED,778
2022-12-26,REPAIR_COMPLETED,792
2022-12-27,REPAIR_COMPLETED,800
2022-12-28,REPAIR_COMPLETED,792
2022-12-29,REPAIR_COMPLETED,773
2022-12-30,REPAIR_COMPLETED,791
2022-12-31,REPAIR_COMPLETED,785
2023-01-01,REPAIR_COMPLETED,789
2023-01-02,REPAIR_COMPLETED,755
2023-01-03,REPAIR_COMPLETED,718
2023-01-04,REPAIR_COMPLETED,754
2023-01-05,REPAIR_COMPLETED,744
2023-01-06,REPAIR_COMPLETED,791
2023-01-07,REPAIR_COMPLETED,766
2023-01-08,REPAIR_COMPLETED,785
2023-01-09,REPAIR_COMPLETED,776
2023-01-10,REPAIR_COMPLETED,786
2023-01-11,REPAIR_COMPLETED,773
2023-01-12,REPAIR_COMPLETED,781
2023-01-13,REPAIR_COMPLETED,736
2023-01-14,REPAIR_COMPLETED,823
2023-01-15,REPAIR_COMPLETED,734
2023-01-16,REPAIR_COMPLETED,758
2023-01-17,REPAIR_COMPLETED,784
2023-01-18,REPAIR_COMPLETED,779
2023-01-19,REPAIR_COMPLETED,755
2023-01-20,REPAIR_COMPLETED,732
2023-01-21,REPAIR_COMPLETED,777
2023-01-22,REPAIR_COMPLETED,753
2023-01-23,REPAIR_COMPLETED,770
2023-01-24,REPAIR_COMPLETED,778
2023-01-25,REPAIR_COMPLETED,807
2023-01-26,REPAIR_COMPLETED,796
2023-01-27,REPAIR_COMPLETED,775
2023-01-28,REPAIR_COMPLETED,755
2023-01-29,REPAIR_COMPLETED,786
2023-01-30,REPAIR_COMPLETED,770
2023-01-31,REPAIR_COMPLETED,839
2023-02-01,REPAIR_COMPLETED,755
2023-02-02,REPAIR_COMPLETED,718
2023-02-03,REPAIR_COMPLETED,747
2023-02-04,REPAIR_COMPLETED,795
2023-02-05,REPAIR_COMPLETED,772
2023-02-06,REPAIR_COMPLETED,747
2023-02-07,REPAIR_COMPLETED,765
2023-02-08,REPAIR_COMPLETED,751
2023-02-09,REPAIR_COMPLETED,799
2023-02-10,REPAIR_COMPLETED,808
2023-02-11,REPAIR_COMPLETED,787
2023-02-12,REPAIR_COMPLETED,782
2023-02-13,REPAIR_COMPLETED,794
2023-02-14,REPAIR_COMPLETED,742
2023-02-15,REPAIR_COMPLETED,794
2023-02-16,REPAIR_COMPLETED,773
2023-02-17,REPAIR_COMPLETED,787
2023-02-18,REPAIR_COMPLETED,748
2023-02-19,REPAIR_COMPLETED,734
2023-02-20,REPAIR_COMPLETED,717
2023-02-21,REPAIR_COMPLETED,735
2023-02-22,REPAIR_COMPLETED,774
2023-02-23,REPAIR_COMPLETED,840
2023-02-24,REPAIR_COMPLETED,788
2023-02-25,REPAIR_COMPLETED,752
2023-02-26,REPAIR_COMPLETED,795
2023-02-27,REPAIR_COMPLETED,729
2023-02-28,REPAIR_COMPLETED,772
2023-03-01,REPAIR_COMPLETED,816
2023-03-02,REPAIR_COMPLETED,777
2023-03-03,REPAIR_COMPLETED,737
2023-03-04,REPAIR_COMPLETED,780
2023-03-05,REPAIR_COMPLETED,808
2023-03-06,REPAIR_COMPLETED,814
2023-03-07,REPAIR_COMPLETED,771
2023-03-08,REPAIR_COMPLETED,748
2023-03-09,REPAIR_COMPLETED,800
2023-03-10,REPAIR_COMPLETED,772
2023-03-11,REPAIR_COMPLETED,746
2023-03-12,REPAIR_COMPLETED,698
2023-03-13,REPAIR_COMPLETED,791
2023-03-14,REPAIR_COMPLETED,811
2023-03-15,REPAIR_COMPLETED,753
2023-03-16,REPAIR_COMPLETED,818
2023-03-17,REPAIR_COMPLETED,799
2023-03-18,REPAIR_COMPLETED,807
2023-03-19,REPAIR_COMPLETED,709
2023-03-20,REPAIR_COMPLETED,738
2023-03-21,REPAIR_COMPLETED,763
2023-03-22,REPAIR_COMPLETED,762
2023-03-23,REPAIR_COMPLETED,775
2023-03-24,REPAIR_COMPLETED,780
2023-03-25,REPAIR_COMPLETED,751
2023-03-26,REPAIR_COMPLETED,764
2023-03-27,REPAIR_COMPLETED,750
2023-03-28,REPAIR_COMPLETED,754
2023-03-29,REPAIR_COMPLETED,755
2023-03-30,REPAIR_COMPLETED,794
2023-03-31,REPAIR_COMPLETED,718
2023-04-01,REPAIR_COMPLETED,768
2023-04-02,REPAIR_COMPLETED,782
2023-04-03,REPAIR_COMPLETED,792
2023-04-04,REPAIR_COMPLETED,728
2023-04-05,REPAIR_COMPLETED,827
2023-04-06,REPAIR_COMPLETED,803
2023-04-07,REPAIR_COMPLETED,760
2023-04-08,REPAIR_COMPLETED,762
2023-04-09,REPAIR_COMPLETED,763
2023-04-10,REPAIR_COMPLETED,762
2023-04-11,REPAIR_COMPLETED,855
2023-04-12,REPAIR_COMPLETED,792
2023-04-13,REPAIR_COMPLETED,787
2023-04-14,REPAIR_COMPLETED,755
2023-04-15,REPAIR_COMPLETED,803
2023-04-16,REPAIR_COMPLETED,777
2023-04-17,REPAIR_COMPLETED,781
2023-04-18,REPAIR_COMPLETED,808
2023-04-19,REPAIR_COMPLETED,742
2023-04-20,REPAIR_COMPLETED,746
2023-04-21,REPAIR_COMPLETED,814
2023-04-22,REPAIR_COMPLETED,807
2023-04-23,REPAIR_COMPLETED,754
2023-04-24,REPAIR_COMPLETED,754
2023-04-25,REPAIR_COMPLETED,773
2023-04-26,REPAIR_COMPLETED,770
2023-04-27,REPAIR_COMPLETED,778
2023-04-28,REPAIR_COMPLETED,770
2023-04-29,REPAIR_COMPLETED,799
2023-04-30,REPAIR_COMPLETED,712
2023-05-01,REPAIR_COMPLETED,756
2023-05-02,REPAIR_COMPLETED,826
2023-05-03,REPAIR_COMPLETED,803
2023-05-04,REPAIR_COMPLETED,823
2023-05-05,REPAIR_COMPLETED,766
2023-05-06,REPAIR_COMPLETED,764
2023-05-07,REPAIR_COMPLETED,772
2023-05-08,REPAIR_COMPLETED,747
2023-05-09,REPAIR_COMPLETED,785
2023-05-10,REPAIR_COMPLETED,713
2023-05-11,REPAIR_COMPLETED,752
2023-05-12,REPAIR_COMPLETED,758
2023-05-13,REPAIR_COMPLETED,783
2023-05-14,REPAIR_COMPLETED,744
2023-05-15,REPAIR_COMPLETED,750
2023-05-16,REPAIR_COMPLETED,753
2023-05-17,REPAIR_COMPLETED,778
2023-05-18,REPAIR_COMPLETED,764
2023-05-19,REPAIR_COMPLETED,743
2023-05-20,REPAIR_COMPLETED,826
2023-05-21,REPAIR_COMPLETED,731
2023-05-22,REPAIR_COMPLETED,799
2023-05-23,REPAIR_COMPLETED,802
2023-05-24,REPAIR_COMPLETED,816
2023-05-25,REPAIR_COMPLETED,777
2023-05-26,REPAIR_COMPLETED,783
2023-05-27,REPAIR_COMPLETED,779
2023-05-28,REPAIR_COMPLETED,790
2023-05-29,REPAIR_COMPLETED,804
2023-05-30,REPAIR_COMPLETED,747
2023-05-31,REPAIR_COMPLETED,758
2023-06-01,REPAIR_COMPLETED,742
2023-06-02,REPAIR_COMPLETED,742
2023-06-03,REPAIR_COMPLETED,718
2023-06-04,REPAIR_COMPLETED,815
2023-06-05,REPAIR_COMPLETED,768
2023-06-06,REPAIR_COMPLETED,749
2023-06-07,REPAIR_COMPLETED,827
2023-06-08,REPAIR_COMPLETED,767
2023-06-09,REPAIR_COMPLETED,798
2023-06-10,REPAIR_COMPLETED,820
2023-06-11,REPAIR_COMPLETED,753
2023-06-12,REPAIR_COMPLETED,733
2023-06-13,REPAIR_COMPLETED,744
2023-06-14,REPAIR_COMPLETED,751
2023-06-15,REPAIR_COMPLETED,808
2023-06-16,REPAIR_COMPLETED,773
2023-06-17,REPAIR_COMPLETED,779
2023-06-18,REPAIR_COMPLETED,791
2023-06-19,REPAIR_COMPLETED,779
2023-06-20,REPAIR_COMPLETED,726
2023-06-21,REPAIR_COMPLETED,776
2023-06-22,REPAIR_COMPLETED,769
2023-06-23,REPAIR_COMPLETED,731
2023-06-24,REPAIR_COMPLETED,708
2023-06-25,REPAIR_COMPLETED,770
2023-06-26,REPAIR_COMPLETED,809
2023-06-27,REPAIR_COMPLETED,803
2023-06-28,REPAIR_COMPLETED,809
2023-06-29,REPAIR_COMPLETED,822
2023-06-30,REPAIR_COMPLETED,747
2023-07-01,REPAIR_COMPLETED,760
2023-07-02,REPAIR_COMPLETED,804
2023-07-03,REPAIR_COMPLETED,782
2023-07-04,REPAIR_COMPLETED,795
2023-07-05,REPAIR_COMPLETED,769
2023-07-06,REPAIR_COMPLETED,778
2023-07-07,REPAIR_COMPLETED,749
2023-07-08,REPAIR_COMPLETED,784
2023-07-09,REPAIR_COMPLETED,763
2023-07-10,REPAIR_COMPLETED,787
2023-07-11,REPAIR_COMPLETED,765
2023-07-12,REPAIR_COMPLETED,752
2023-07-13,REPAIR_COMPLETED,756
2023-07-14,REPAIR_COMPLETED,807
2023-07-15,REPAIR_COMPLETED,773
2023-07-16,REPAIR_COMPLETED,726
2023-07-17,REPAIR_COMPLETED,734
2023-07-18,REPAIR_COMPLETED,787
2023-07-19,REPAIR_COMPLETED,747
2023-07-20,REPAIR_COMPLETED,775
2023-07-21,REPAIR_COMPLETED,724
2023-07-22,REPAIR_COMPLETED,734
2023-07-23,REPAIR_COMPLETED,728
2023-07-24,REPAIR_COMPLETED,792
2023-07-25,REPAIR_COMPLETED,779
2023-07-26,REPAIR_COMPLETED,761
2023-07-27,REPAIR_COMPLETED,791
2023-07-28,REPAIR_COMPLETED,796
2023-07-29,REPAIR_COMPLETED,755
2023-07-30,REPAIR_COMPLETED,763
2023-07-31,REPAIR_COMPLETED,792
2023-08-01,REPAIR_COMPLETED,750
2023-08-02,REPAIR_COMPLETED,730
2023-08-03,REPAIR_COMPLETED,769
2023-08-04,REPAIR_COMPLETED,796
2023-08-05,REPAIR_COMPLETED,780
2023-08-06,REPAIR_COMPLETED,739
2023-08-07,REPAIR_COMPLETED,771
2023-08-08,REPAIR_COMPLETED,788
2023-08-09,REPAIR_COMPLETED,778
2023-08-10,REPAIR_COMPLETED,772
2023-08-11,REPAIR_COMPLETED,812
2023-08-12,REPAIR_COMPLETED,790
2023-08-13,REPAIR_COMPLETED,738
2023-08-14,REPAIR_COMPLETED,759
2023-08-15,REPAIR_COMPLETED,700
2023-08-16,REPAIR_COMPLETED,786
2023-08-17,REPAIR_COMPLETED,788
2023-08-18,REPAIR_COMPLETED,808
2023-08-19,REPAIR_COMPLETED,760
2023-08-20,REPAIR_COMPLETED,764
2023-08-21,REPAIR_COMPLETED,702
2023-08-22,REPAIR_COMPLETED,743
2023-08-23,REPAIR_COMPLETED,780
2023-08-24,REPAIR_COMPLETED,784
2023-08-25,REPAIR_COMPLETED,773
2023-08-26,REPAIR_COMPLETED,742
2023-08-27,REPAIR_COMPLETED,721
2023-08-28,REPAIR_COMPLETED,770
2023-08-29,REPAIR_COMPLETED,717
2023-08-30,REPAIR_COMPLETED,765
2023-08-31,REPAIR_COMPLETED,765
2023-09-01,REPAIR_COMPLETED,768
2023-09-02,REPAIR_COMPLETED,801
2023-09-03,REPAIR_COMPLETED,799
2023-09-04,REPAIR_COMPLETED,790
2023-09-05,REPAIR_COMPLETED,808
2023-09-06,REPAIR_COMPLETED,793
2023-09-07,REPAIR_COMPLETED,781
2023-09-08,REPAIR_COMPLETED,759
2023-09-09,REPAIR_COMPLETED,705
2023-09-10,REPAIR_COMPLETED,716
2023-09-11,REPAIR_COMPLETED,770
2023-09-12,REPAIR_COMPLETED,787
2023-09-13,REPAIR_COMPLETED,718
2023-09-14,REPAIR_COMPLETED,707
2023-09-15,REPAIR_COMPLETED,761
2023-09-16,REPAIR_COMPLETED,826
2023-09-17,REPAIR_COMPLETED,721
2023-09-18,REPAIR_COMPLETED,820
2023-09-19,REPAIR_COMPLETED,806
2023-09-20,REPAIR_COMPLETED,741
2023-09-21,REPAIR_COMPLETED,738
2023-09-22,REPAIR_COMPLETED,792
2023-09-23,REPAIR_COMPLETED,811
2023-09-24,REPAIR_COMPLETED,816
2023-09-25,REPAIR_COMPLETED,803
2023-09-26,REPAIR_COMPLETED,795
2023-09-27,REPAIR_COMPLETED,790
2023-09-28,REPAIR_COMPLETED,825
2023-09-29,REPAIR_COMPLETED,767
2023-09-30,REPAIR_COMPLETED,733
2023-10-01,REPAIR_COMPLETED,728
2023-10-02,REPAIR_COMPLETED,785
2023-10-03,REPAIR_COMPLETED,760
2023-10-04,REPAIR_COMPLETED,778
2023-10-05,REPAIR_COMPLETED,800
2023-10-06,REPAIR_COMPLETED,853
2023-10-07,REPAIR_COMPLETED,791
2023-10-08,REPAIR_COMPLETED,761
2023-10-09,REPAIR_COMPLETED,741
2023-10-10,REPAIR_COMPLETED,792
2023-10-11,REPAIR_COMPLETED,769
2023-10-12,REPAIR_COMPLETED,783
2023-10-13,REPAIR_COMPLETED,765
2023-10-14,REPAIR_COMPLETED,775
2023-10-15,REPAIR_COMPLETED,823
2023-10-16,REPAIR_COMPLETED,831
2023-10-17,REPAIR_COMPLETED,806
2023-10-18,REPAIR_COMPLETED,790
2023-10-19,REPAIR_COMPLETED,737
2023-10-20,REPAIR_COMPLETED,753
2023-10-21,REPAIR_COMPLETED,784
2023-10-22,REPAIR_COMPLETED,746
2023-10-23,REPAIR_COMPLETED,749
2023-10-24,REPAIR_COMPLETED,759
2023-10-25,REPAIR_COMPLETED,787
2023-10-26,REPAIR_COMPLETED,776
2023-10-27,REPAIR_COMPLETED,782
2023-10-28,REPAIR_COMPLETED,729
2023-10-29,REPAIR_COMPLETED,737
2023-10-30,REPAIR_COMPLETED,759
2023-10-31,REPAIR_COMPLETED,752
2023-11-01,REPAIR_COMPLETED,791
2023-11-02,REPAIR_COMPLETED,772
2023-11-03,REPAIR_COMPLETED,792
2023-11-04,REPAIR_COMPLETED,720
2023-11-05,REPAIR_COMPLETED,815
2023-11-06,REPAIR_COMPLETED,775
2023-11-07,REPAIR_COMPLETED,716
2023-11-08,REPAIR_COMPLETED,775
2023-11-09,REPAIR_COMPLETED,780
2023-11-10,REPAIR_COMPLETED,808
2023-11-11,REPAIR_COMPLETED,756
2023-11-12,REPAIR_COMPLETED,771
2023-11-13,REPAIR_COMPLETED,791
2023-11-14,REPAIR_COMPLETED,759
2023-11-15,REPAIR_COMPLETED,762
2023-11-16,REPAIR_COMPLETED,776
2023-11-17,REPAIR_COMPLETED,789
2023-11-18,REPAIR_COMPLETED,811
2023-11-19,REPAIR_COMPLETED,733
2023-11-20,REPAIR_COMPLETED,782
2023-11-21,REPAIR_COMPLETED,738
2023-11-22,REPAIR_COMPLETED,777
2023-11-23,REPAIR_COMPLETED,778
2023-11-24,REPAIR_COMPLETED,778
2023-11-25,REPAIR_COMPLETED,750
2023-11-26,REPAIR_COMPLETED,795
2023-11-27,REPAIR_COMPLETED,783
2023-11-28,REPAIR_COMPLETED,749
2023-11-29,REPAIR_COMPLETED,786
2023-11-30,REPAIR_COMPLETED,793
2023-12-01,REPAIR_COMPLETED,779
2023-12-02,REPAIR_COMPLETED,805
2023-12-03,REPAIR_COMPLETED,778
2023-12-04,REPAIR_COMPLETED,734
2023-12-05,REPAIR_COMPLETED,801
2023-12-06,REPAIR_COMPLETED,739
2023-12-07,REPAIR_COMPLETED,739
2023-12-08,REPAIR_COMPLETED,767
2023-12-09,REPAIR_COMPLETED,723
2023-12-10,REPAIR_COMPLETED,763
2023-12-11,REPAIR_COMPLETED,738
2023-12-12,REPAIR_COMPLETED,797
2023-12-13,REPAIR_COMPLETED,747
2023-12-14,REPAIR_COMPLETED,798
2023-12-15,REPAIR_COMPLETED,781
2023-12-16,REPAIR_COMPLETED,779
2023-12-17,REPAIR_COMPLETED,766
2023-12-18,REPAIR_COMPLETED,773
2023-12-19,REPAIR_COMPLETED,775
2023-12-20,REPAIR_COMPLETED,767
2023-12-21,REPAIR_COMPLETED,777
2023-12-22,REPAIR_COMPLETED,750
2023-12-23,REPAIR_COMPLETED,754
2023-12-24,REPAIR_COMPLETED,846
2023-12-25,REPAIR_COMPLETED,767
2023-12-26,REPAIR_COMPLETED,765
2023-12-27,REPAIR_COMPLETED,753
2023-12-28,REPAIR_COMPLETED,774
2023-12-29,REPAIR_COMPLETED,818
2023-12-30,REPAIR_COMPLETED,730
2023-12-31,REPAIR_COMPLETED,748
2024-01-01,REPAIR_COMPLETED,768
2024-01-02,REPAIR_COMPLETED,773
2024-01-03,REPAIR_COMPLETED,728
2024-01-04,REPAIR_COMPLETED,750
2024-01-05,REPAIR_COMPLETED,802
2024-01-06,REPAIR_COMPLETED,782
2024-01-07,REPAIR_COMPLETED,741
2024-01-08,REPAIR_COMPLETED,769
2024-01-09,REPAIR_COMPLETED,745
2024-01-10,REPAIR_COMPLETED,772
2024-01-11,REPAIR_COMPLETED,818
2024-01-12,REPAIR_COMPLETED,758
2024-01-13,REPAIR_COMPLETED,755
2024-01-14,REPAIR_COMPLETED,791
2024-01-15,REPAIR_COMPLETED,743
2024-01-16,REPAIR_COMPLETED,785
2024-01-17,REPAIR_COMPLETED,738
2024-01-18,REPAIR_COMPLETED,755
2024-01-19,REPAIR_COMPLETED,796
2024-01-20,REPAIR_COMPLETED,812
2024-01-21,REPAIR_COMPLETED,807
2024-01-22,REPAIR_COMPLETED,771
2024-01-23,REPAIR_COMPLETED,758
2024-01-24,REPAIR_COMPLETED,776
2024-01-25,REPAIR_COMPLETED,778
2024-01-26,REPAIR_COMPLETED,807
2024-01-27,REPAIR_COMPLETED,763
2024-01-28,REPAIR_COMPLETED,754
2024-01-29,REPAIR_COMPLETED,769
2024-01-30,REPAIR_COMPLETED,742
2024-01-31,REPAIR_COMPLETED,738
2024-02-01,REPAIR_COMPLETED,759
2024-02-02,REPAIR_COMPLETED,766
2024-02-03,REPAIR_COMPLETED,758
2024-02-04,REPAIR_COMPLETED,735
2024-02-05,REPAIR_COMPLETED,747
2024-02-06,REPAIR_COMPLETED,782
2024-02-07,REPAIR_COMPLETED,807
2024-02-08,REPAIR_COMPLETED,813
2024-02-09,REPAIR_COMPLETED,814
2024-02-10,REPAIR_COMPLETED,793
2024-02-11,REPAIR_COMPLETED,735
2024-02-12,REPAIR_COMPLETED,751
2024-02-13,REPAIR_COMPLETED,752
2024-02-14,REPAIR_COMPLETED,752
2024-02-15,REPAIR_COMPLETED,809
2024-02-16,REPAIR_COMPLETED,740
2024-02-17,REPAIR_COMPLETED,764
2024-02-18,REPAIR_COMPLETED,757
2024-02-19,REPAIR_COMPLETED,765
2024-02-20,REPAIR_COMPLETED,778
2024-02-21,REPAIR_COMPLETED,749
2024-02-22,REPAIR_COMPLETED,774
2024-02-23,REPAIR_COMPLETED,736
2024-02-24,REPAIR_COMPLETED,730
2024-02-25,REPAIR_COMPLETED,751
2024-02-26,REPAIR_COMPLETED,735
2024-02-27,REPAIR_COMPLETED,735
2024-02-28,REPAIR_COMPLETED,813
2024-02-29,REPAIR_COMPLETED,745
2024-03-01,REPAIR_COMPLETED,780
2024-03-02,REPAIR_COMPLETED,758
2024-03-03,REPAIR_COMPLETED,766
2024-03-04,REPAIR_COMPLETED,779
2024-03-05,REPAIR_COMPLETED,804
2024-03-06,REPAIR_COMPLETED,724
2024-03-07,REPAIR_COMPLETED,760
2024-03-08,REPAIR_COMPLETED,769
2024-03-09,REPAIR_COMPLETED,761
2024-03-10,REPAIR_COMPLETED,803
2024-03-11,REPAIR_COMPLETED,781
2024-03-12,REPAIR_COMPLETED,733
2024-03-13,REPAIR_COMPLETED,741
2024-03-14,REPAIR_COMPLETED,786
2024-03-15,REPAIR_COMPLETED,757
2024-03-16,REPAIR_COMPLETED,748
2024-03-17,REPAIR_COMPLETED,796
2024-03-18,REPAIR_COMPLETED,797
2024-03-19,REPAIR_COMPLETED,777
2024-03-20,REPAIR_COMPLETED,759
2024-03-21,REPAIR_COMPLETED,743
2024-03-22,REPAIR_COMPLETED,764
2024-03-23,REPAIR_COMPLETED,747
2024-03-24,REPAIR_COMPLETED,783
2024-03-25,REPAIR_COMPLETED,756
2024-03-26,REPAIR_COMPLETED,779
2024-03-27,REPAIR_COMPLETED,787
2024-03-28,REPAIR_COMPLETED,730
2024-03-29,REPAIR_COMPLETED,742
2024-03-30,REPAIR_COMPLETED,802
2024-03-31,REPAIR_COMPLETED,786
2024-04-01,REPAIR_COMPLETED,768
2024-04-02,REPAIR_COMPLETED,781
2024-04-03,REPAIR_COMPLETED,727
2024-04-04,REPAIR_COMPLETED,755
2024-04-05,REPAIR_COMPLETED,801
2024-04-06,REPAIR_COMPLETED,807
2024-04-07,REPAIR_COMPLETED,774
2024-04-08,REPAIR_COMPLETED,842
2024-04-09,REPAIR_COMPLETED,781
2024-04-10,REPAIR_COMPLETED,695
2024-04-11,REPAIR_COMPLETED,795
2024-04-12,REPAIR_COMPLETED,750
2024-04-13,REPAIR_COMPLETED,718
2024-04-14,REPAIR_COMPLETED,769
2024-04-15,REPAIR_COMPLETED,748
2024-04-16,REPAIR_COMPLETED,809
2024-04-17,REPAIR_COMPLETED,806
2024-04-18,REPAIR_COMPLETED,779
2024-04-19,REPAIR_COMPLETED,781
2024-04-20,REPAIR_COMPLETED,763
2024-04-21,REPAIR_COMPLETED,724
2024-04-22,REPAIR_COMPLETED,796
2024-04-23,REPAIR_COMPLETED,729
2024-04-24,REPAIR_COMPLETED,758
2024-04-25,REPAIR_COMPLETED,740
2024-04-26,REPAIR_COMPLETED,728
2024-04-27,REPAIR_COMPLETED,750
2024-04-28,REPAIR_COMPLETED,768
2024-04-29,REPAIR_COMPLETED,753
2024-04-30,REPAIR_COMPLETED,759
2024-05-01,REPAIR_COMPLETED,766
2024-05-02,REPAIR_COMPLETED,810
2024-05-03,REPAIR_COMPLETED,739
2024-05-04,REPAIR_COMPLETED,733
2024-05-05,REPAIR_COMPLETED,772
2024-05-06,REPAIR_COMPLETED,754
2024-05-07,REPAIR_COMPLETED,766
2024-05-08,REPAIR_COMPLETED,768
2024-05-09,REPAIR_COMPLETED,803
2024-05-10,REPAIR_COMPLETED,749
2024-05-11,REPAIR_COMPLETED,767
2024-05-12,REPAIR_COMPLETED,778
2024-05-13,REPAIR_COMPLETED,722
2024-05-14,REPAIR_COMPLETED,772
2024-05-15,REPAIR_COMPLETED,780
2024-05-16,REPAIR_COMPLETED,792
2024-05-17,REPAIR_COMPLETED,810
2024-05-18,REPAIR_COMPLETED,794
2024-05-19,REPAIR_COMPLETED,794
2024-05-20,REPAIR_COMPLETED,790
2024-05-21,REPAIR_COMPLETED,768
2024-05-22,REPAIR_COMPLETED,765
2024-05-23,REPAIR_COMPLETED,777
2024-05-24,REPAIR_COMPLETED,813
2024-05-25,REPAIR_COMPLETED,781
2024-05-26,REPAIR_COMPLETED,750
2024-05-27,REPAIR_COMPLETED,764
2024-05-28,REPAIR_COMPLETED,745
2024-05-29,REPAIR_COMPLETED,748
2024-05-30,REPAIR_COMPLETED,816
2024-05-31,REPAIR_COMPLETED,801
2024-06-01,REPAIR_COMPLETED,853
2024-06-02,REPAIR_COMPLETED,735
2024-06-03,REPAIR_COMPLETED,770
2024-06-04,REPAIR_COMPLETED,730
2024-06-05,REPAIR_COMPLETED,767
2024-06-06,REPAIR_COMPLETED,808
2024-06-07,REPAIR_COMPLETED,781
2024-06-08,REPAIR_COMPLETED,715
2024-06-09,REPAIR_COMPLETED,727
2024-06-10,REPAIR_COMPLETED,803
2024-06-11,REPAIR_COMPLETED,769
2024-06-12,REPAIR_COMPLETED,711
2024-06-13,REPAIR_COMPLETED,861
2024-06-14,REPAIR_COMPLETED,768
2024-06-15,REPAIR_COMPLETED,776
2024-06-16,REPAIR_COMPLETED,752
2024-06-17,REPAIR_COMPLETED,725
2024-06-18,REPAIR_COMPLETED,762
2024-06-19,REPAIR_COMPLETED,760
2024-06-20,REPAIR_COMPLETED,746
2024-06-21,REPAIR_COMPLETED,769
2024-06-22,REPAIR_COMPLETED,731
2024-06-23,REPAIR_COMPLETED,739
2024-06-24,REPAIR_COMPLETED,793
2024-06-25,REPAIR_COMPLETED,742
2024-06-26,REPAIR_COMPLETED,800
2024-06-27,REPAIR_COMPLETED,776
2024-06-28,REPAIR_COMPLETED,730
2024-06-29,REPAIR_COMPLETED,783
2024-06-30,REPAIR_COMPLETED,727
2024-07-01,REPAIR_COMPLETED,777
2024-07-02,REPAIR_COMPLETED,743
2024-07-03,REPAIR_COMPLETED,786
2024-07-04,REPAIR_COMPLETED,738
2024-07-05,REPAIR_COMPLETED,721
2024-07-06,REPAIR_COMPLETED,733
2024-07-07,REPAIR_COMPLETED,757
2024-07-08,REPAIR_COMPLETED,757
2024-07-09,REPAIR_COMPLETED,814
2024-07-10,REPAIR_COMPLETED,771
2024-07-11,REPAIR_COMPLETED,732
2024-07-12,REPAIR_COMPLETED,747
2024-07-13,REPAIR_COMPLETED,741
2024-07-14,REPAIR_COMPLETED,763
2024-07-15,REPAIR_COMPLETED,787
2024-07-16,REPAIR_COMPLETED,728
2024-07-17,REPAIR_COMPLETED,736
2024-07-18,REPAIR_COMPLETED,795
2024-07-19,REPAIR_COMPLETED,784
2024-07-20,REPAIR_COMPLETED,798
2024-07-21,REPAIR_COMPLETED,759
2024-07-22,REPAIR_COMPLETED,716
2024-07-23,REPAIR_COMPLETED,779
2024-07-24,REPAIR_COMPLETED,773
2024-07-25,REPAIR_COMPLETED,782
2024-07-26,REPAIR_COMPLETED,763
2024-07-27,REPAIR_COMPLETED,806
2024-07-28,REPAIR_COMPLETED,736
2024-07-29,REPAIR_COMPLETED,759
2024-07-30,REPAIR_COMPLETED,717
2024-07-31,REPAIR_COMPLETED,794
2024-08-01,REPAIR_COMPLETED,763
2024-08-02,REPAIR_COMPLETED,763
2024-08-03,REPAIR_COMPLETED,778
2024-08-04,REPAIR_COMPLETED,812
2024-08-05,REPAIR_COMPLETED,727
2024-08-06,REPAIR_COMPLETED,698
2024-08-07,REPAIR_COMPLETED,762
2024-08-08,REPAIR_COMPLETED,760
2024-08-09,REPAIR_COMPLETED,768
2024-08-10,REPAIR_COMPLETED,765
2024-08-11,REPAIR_COMPLETED,715
2024-08-12,REPAIR_COMPLETED,804
2024-08-13,REPAIR_COMPLETED,755
2024-08-14,REPAIR_COMPLETED,755
2024-08-15,REPAIR_COMPLETED,750
2024-08-16,REPAIR_COMPLETED,809
2024-08-17,REPAIR_COMPLETED,808
2024-08-18,REPAIR_COMPLETED,795
2024-08-19,REPAIR_COMPLETED,792
2024-08-20,REPAIR_COMPLETED,753
2024-08-21,REPAIR_COMPLETED,719
2024-08-22,REPAIR_COMPLETED,768
2024-08-23,REPAIR_COMPLETED,738
2024-08-24,REPAIR_COMPLETED,760
2024-08-25,REPAIR_COMPLETED,828
2024-08-26,REPAIR_COMPLETED,754
2024-08-27,REPAIR_COMPLETED,743
2024-08-28,REPAIR_COMPLETED,794
2024-08-29,REPAIR_COMPLETED,791
2024-08-30,REPAIR_COMPLETED,779
2024-08-31,REPAIR_COMPLETED,742
2024-09-01,REPAIR_COMPLETED,771
2024-09-02,REPAIR_COMPLETED,762
2024-09-03,REPAIR_COMPLETED,763
2024-09-04,REPAIR_COMPLETED,812
2024-09-05,REPAIR_COMPLETED,754
2024-09-06,REPAIR_COMPLETED,781
2024-09-07,REPAIR_COMPLETED,793
2024-09-08,REPAIR_COMPLETED,773
2024-09-09,REPAIR_COMPLETED,806
2024-09-10,REPAIR_COMPLETED,788
2024-09-11,REPAIR_COMPLETED,777
2024-09-12,REPAIR_COMPLETED,772
2024-09-13,REPAIR_COMPLETED,814
2024-09-14,REPAIR_COMPLETED,726
2024-09-15,REPAIR_COMPLETED,776
2024-09-16,REPAIR_COMPLETED,774
2024-09-17,REPAIR_COMPLETED,769
2024-09-18,REPAIR_COMPLETED,766
2024-09-19,REPAIR_COMPLETED,792
2024-09-20,REPAIR_COMPLETED,769
2024-09-21,REPAIR_COMPLETED,750
2024-09-22,REPAIR_COMPLETED,734
2024-09-23,REPAIR_COMPLETED,794
2024-09-24,REPAIR_COMPLETED,777
2024-09-25,REPAIR_COMPLETED,834
2024-09-26,REPAIR_COMPLETED,799
2024-09-27,REPAIR_COMPLETED,792
2024-09-28,REPAIR_COMPLETED,782
2024-09-29,REPAIR_COMPLETED,791
2024-09-30,REPAIR_COMPLETED,762
2024-10-01,REPAIR_COMPLETED,786
2024-10-02,REPAIR_COMPLETED,765
2024-10-03,REPAIR_COMPLETED,786
2024-10-04,REPAIR_COMPLETED,803
2024-10-05,REPAIR_COMPLETED,761
2024-10-06,REPAIR_COMPLETED,717
2024-10-07,REPAIR_COMPLETED,853
2024-10-08,REPAIR_COMPLETED,757
2024-10-09,REPAIR_COMPLETED,829
2024-10-10,REPAIR_COMPLETED,767
2024-10-11,REPAIR_COMPLETED,756
2024-10-12,REPAIR_COMPLETED,779
2024-10-13,REPAIR_COMPLETED,799
2024-10-14,REPAIR_COMPLETED,767
2024-10-15,REPAIR_COMPLETED,759
2024-10-16,REPAIR_COMPLETED,790
2024-10-17,REPAIR_COMPLETED,736
2024-10-18,REPAIR_COMPLETED,691
2024-10-19,REPAIR_COMPLETED,804
2024-10-20,REPAIR_COMPLETED,744
2024-10-21,REPAIR_COMPLETED,791
2024-10-22,REPAIR_COMPLETED,780
2024-10-23,REPAIR_COMPLETED,808
2024-10-24,REPAIR_COMPLETED,807
2024-10-25,REPAIR_COMPLETED,751
2024-10-26,REPAIR_COMPLETED,720
2024-10-27,REPAIR_COMPLETED,762
2024-10-28,REPAIR_COMPLETED,755
2024-10-29,REPAIR_COMPLETED,789
2024-10-30,REPAIR_COMPLETED,790
2024-10-31,REPAIR_COMPLETED,785
2024-11-01,REPAIR_COMPLETED,769
2024-11-02,REPAIR_COMPLETED,793
2024-11-03,REPAIR_COMPLETED,742
2024-11-04,REPAIR_COMPLETED,735
2024-11-05,REPAIR_COMPLETED,709
2024-11-06,REPAIR_COMPLETED,800
2024-11-07,REPAIR_COMPLETED,751
2024-11-08,REPAIR_COMPLETED,745
2024-11-09,REPAIR_COMPLETED,761
2024-11-10,REPAIR_COMPLETED,766
2024-11-11,REPAIR_COMPLETED,766
2024-11-12,REPAIR_COMPLETED,789
2024-11-13,REPAIR_COMPLETED,766
2024-11-14,REPAIR_COMPLETED,765
2024-11-15,REPAIR_COMPLETED,793
2024-11-16,REPAIR_COMPLETED,794
2024-11-17,REPAIR_COMPLETED,816
2024-11-18,REPAIR_COMPLETED,760
2024-11-19,REPAIR_COMPLETED,703
2024-11-20,REPAIR_COMPLETED,754
2024-11-21,REPAIR_COMPLETED,820
2024-11-22,REPAIR_COMPLETED,743
2024-11-23,REPAIR_COMPLETED,721
2024-11-24,REPAIR_COMPLETED,769
2024-11-25,REPAIR_COMPLETED,797
2024-11-26,REPAIR_COMPLETED,792
2024-11-27,REPAIR_COMPLETED,733
2024-11-28,REPAIR_COMPLETED,777
2024-11-29,REPAIR_COMPLETED,778
2024-11-30,REPAIR_COMPLETED,763
2024-12-01,REPAIR_COMPLETED,758
2024-12-02,REPAIR_COMPLETED,739
2024-12-03,REPAIR_COMPLETED,825
2024-12-04,REPAIR_COMPLETED,754
2024-12-05,REPAIR_COMPLETED,761
2024-12-06,REPAIR_COMPLETED,757
2024-12-07,REPAIR_COMPLETED,744
2024-12-08,REPAIR_COMPLETED,779
2024-12-09,REPAIR_COMPLETED,776
2024-12-10,REPAIR_COMPLETED,763
2024-12-11,REPAIR_COMPLETED,780
2024-12-12,REPAIR_COMPLETED,819
2024-12-13,REPAIR_COMPLETED,762
2024-12-14,REPAIR_COMPLETED,736
2024-12-15,REPAIR_COMPLETED,818
2024-12-16,REPAIR_COMPLETED,780
2024-12-17,REPAIR_COMPLETED,790
2024-12-18,REPAIR_COMPLETED,751
2024-12-19,REPAIR_COMPLETED,779
2024-12-20,REPAIR_COMPLETED,750
2024-12-21,REPAIR_COMPLETED,765
2024-12-22,REPAIR_COMPLETED,796
2024-12-23,REPAIR_COMPLETED,772
2024-12-24,REPAIR_COMPLETED,769
2024-12-25,REPAIR_COMPLETED,791
2024-12-26,REPAIR_COMPLETED,749
2024-12-27,REPAIR_COMPLETED,768
2024-12-28,REPAIR_COMPLETED,816
2024-12-29,REPAIR_COMPLETED,788
2024-12-30,REPAIR_COMPLETED,714
2024-12-31,REPAIR_COMPLETED,803
2025-01-01,REPAIR_COMPLETED,776
2025-01-02,REPAIR_COMPLETED,788
2025-01-03,REPAIR_COMPLETED,746
2025-01-04,REPAIR_COMPLETED,812
2025-01-05,REPAIR_COMPLETED,754
2025-01-06,REPAIR_COMPLETED,770
2025-01-07,REPAIR_COMPLETED,791
2025-01-08,REPAIR_COMPLETED,845
2025-01-09,REPAIR_COMPLETED,760
2025-01-10,REPAIR_COMPLETED,797
2025-01-11,REPAIR_COMPLETED,784
2025-01-12,REPAIR_COMPLETED,807
2025-01-13,REPAIR_COMPLETED,764
2025-01-14,REPAIR_COMPLETED,727
2025-01-15,REPAIR_COMPLETED,773
2025-01-16,REPAIR_COMPLETED,746
2025-01-17,REPAIR_COMPLETED,801
2025-01-18,REPAIR_COMPLETED,765
2025-01-19,REPAIR_COMPLETED,775
2025-01-20,REPAIR_COMPLETED,805
2025-01-21,REPAIR_COMPLETED,753
2025-01-22,REPAIR_COMPLETED,744
2025-01-23,REPAIR_COMPLETED,763
2025-01-24,REPAIR_COMPLETED,782
2025-01-25,REPAIR_COMPLETED,769
2025-01-26,REPAIR_COMPLETED,772
2025-01-27,REPAIR_COMPLETED,745
2025-01-28,REPAIR_COMPLETED,755
2025-01-29,REPAIR_COMPLETED,782
2025-01-30,REPAIR_COMPLETED,721
2025-01-31,REPAIR_COMPLETED,772
2025-02-01,REPAIR_COMPLETED,772
2025-02-02,REPAIR_COMPLETED,751
2025-02-03,REPAIR_COMPLETED,789
2025-02-04,REPAIR_COMPLETED,763
2025-02-05,REPAIR_COMPLETED,730
2025-02-06,REPAIR_COMPLETED,760
2025-02-07,REPAIR_COMPLETED,781
2025-02-08,REPAIR_COMPLETED,819
2025-02-09,REPAIR_COMPLETED,778
2025-02-10,REPAIR_COMPLETED,757
2025-02-11,REPAIR_COMPLETED,756
2025-02-12,REPAIR_COMPLETED,786
2025-02-13,REPAIR_COMPLETED,763
2025-02-14,REPAIR_COMPLETED,753
2025-02-15,REPAIR_COMPLETED,777
2025-02-16,REPAIR_COMPLETED,737
2025-02-17,REPAIR_COMPLETED,782
2025-02-18,REPAIR_COMPLETED,755
2025-02-19,REPAIR_COMPLETED,830
2025-02-20,REPAIR_COMPLETED,735
2025-02-21,REPAIR_COMPLETED,820
2025-02-22,REPAIR_COMPLETED,765
2025-02-23,REPAIR_COMPLETED,754
2025-02-24,REPAIR_COMPLETED,723
2025-02-25,REPAIR_COMPLETED,747
2025-02-26,REPAIR_COMPLETED,762
2025-02-27,REPAIR_COMPLETED,741
2025-02-28,REPAIR_COMPLETED,735
2025-03-01,REPAIR_COMPLETED,783
2025-03-02,REPAIR_COMPLETED,786
2025-03-03,REPAIR_COMPLETED,767
2025-03-04,REPAIR_COMPLETED,772
2025-03-05,REPAIR_COMPLETED,828
2025-03-06,REPAIR_COMPLETED,767
2025-03-07,REPAIR_COMPLETED,757
2025-03-08,REPAIR_COMPLETED,760
2025-03-09,REPAIR_COMPLETED,745
2025-03-10,REPAIR_COMPLETED,690
2025-03-11,REPAIR_COMPLETED,777
2025-03-12,REPAIR_COMPLETED,763
2025-03-13,REPAIR_COMPLETED,751
2025-03-14,REPAIR_COMPLETED,777
2025-03-15,REPAIR_COMPLETED,802
2025-03-16,REPAIR_COMPLETED,785
2025-03-17,REPAIR_COMPLETED,807
2025-03-18,REPAIR_COMPLETED,764
2025-03-19,REPAIR_COMPLETED,780
2025-03-20,REPAIR_COMPLETED,744
2025-03-21,REPAIR_COMPLETED,744
2025-03-22,REPAIR_COMPLETED,796
2025-03-23,REPAIR_COMPLETED,754
2025-03-24,REPAIR_COMPLETED,813
2025-03-25,REPAIR_COMPLETED,788
2025-03-26,REPAIR_COMPLETED,775
2025-03-27,REPAIR_COMPLETED,759
2025-03-28,REPAIR_COMPLETED,740
2025-03-29,REPAIR_COMPLETED,783
2025-03-30,REPAIR_COMPLETED,777
2025-03-31,REPAIR_COMPLETED,773
2025-04-01,REPAIR_COMPLETED,787
2025-04-02,REPAIR_COMPLETED,783
2025-04-03,REPAIR_COMPLETED,771
2025-04-04,REPAIR_COMPLETED,772
2025-04-05,REPAIR_COMPLETED,767
2025-04-06,REPAIR_COMPLETED,776
2025-04-07,REPAIR_COMPLETED,753
2025-04-08,REPAIR_COMPLETED,739
2025-04-09,REPAIR_COMPLETED,767
2025-04-10,REPAIR_COMPLETED,726
2025-04-11,REPAIR_COMPLETED,746
2025-04-12,REPAIR_COMPLETED,782
2025-04-13,REPAIR_COMPLETED,813
2025-04-14,REPAIR_COMPLETED,786
2025-04-15,REPAIR_COMPLETED,757
2025-04-16,REPAIR_COMPLETED,763
2025-04-17,REPAIR_COMPLETED,762
2025-04-18,REPAIR_COMPLETED,742
2025-04-19,REPAIR_COMPLETED,741
2025-04-20,REPAIR_COMPLETED,784
2025-04-21,REPAIR_COMPLETED,808
2025-04-22,REPAIR_COMPLETED,767
2025-04-23,REPAIR_COMPLETED,802
2025-04-24,REPAIR_COMPLETED,758
2025-04-25,REPAIR_COMPLETED,821
2025-04-26,REPAIR_COMPLETED,766
2025-04-27,REPAIR_COMPLETED,763
2025-04-28,REPAIR_COMPLETED,741
2025-04-29,REPAIR_COMPLETED,735
2025-04-30,REPAIR_COMPLETED,770
2025-05-01,REPAIR_COMPLETED,801
2025-05-02,REPAIR_COMPLETED,793
2025-05-03,REPAIR_COMPLETED,756
2025-05-04,REPAIR_COMPLETED,779
2025-05-05,REPAIR_COMPLETED,745
2025-05-06,REPAIR_COMPLETED,713
2025-05-07,REPAIR_COMPLETED,762
2025-05-08,REPAIR_COMPLETED,801
2025-05-09,REPAIR_COMPLETED,818
2025-05-10,REPAIR_COMPLETED,766
2025-05-11,REPAIR_COMPLETED,804
2025-05-12,REPAIR_COMPLETED,785
2025-05-13,REPAIR_COMPLETED,815
2025-05-14,REPAIR_COMPLETED,837
2025-05-15,REPAIR_COMPLETED,808
2025-05-16,REPAIR_COMPLETED,749
2025-05-17,REPAIR_COMPLETED,739
2025-05-18,REPAIR_COMPLETED,712
2025-05-19,REPAIR_COMPLETED,741
2025-05-20,REPAIR_COMPLETED,741
2025-05-21,REPAIR_COMPLETED,781
2025-05-22,REPAIR_COMPLETED,747
2025-05-23,REPAIR_COMPLETED,790
2025-05-24,REPAIR_COMPLETED,767
2025-05-25,REPAIR_COMPLETED,736
2025-05-26,REPAIR_COMPLETED,801
2025-05-27,REPAIR_COMPLETED,775
2025-05-28,REPAIR_COMPLETED,780
2025-05-29,REPAIR_COMPLETED,763
2025-05-30,REPAIR_COMPLETED,764
2025-05-31,REPAIR_COMPLETED,768
2025-06-01,REPAIR_COMPLETED,819
2025-06-02,REPAIR_COMPLETED,788
2025-06-03,REPAIR_COMPLETED,805
2025-06-04,REPAIR_COMPLETED,731
2025-06-05,REPAIR_COMPLETED,748
2025-06-06,REPAIR_COMPLETED,756
2025-06-07,REPAIR_COMPLETED,760
2025-06-08,REPAIR_COMPLETED,742
2025-06-09,REPAIR_COMPLETED,752
2025-06-10,REPAIR_COMPLETED,745
2025-06-11,REPAIR_COMPLETED,775
2025-06-12,REPAIR_COMPLETED,763
2025-06-13,REPAIR_COMPLETED,764
2025-06-14,REPAIR_COMPLETED,837
2025-06-15,REPAIR_COMPLETED,784
2025-06-16,REPAIR_COMPLETED,776
2025-06-17,REPAIR_COMPLETED,781
2025-06-18,REPAIR_COMPLETED,766
2025-06-19,REPAIR_COMPLETED,783
2025-06-20,REPAIR_COMPLETED,762
2025-06-21,REPAIR_COMPLETED,709
2025-06-22,REPAIR_COMPLETED,783
2025-06-23,REPAIR_COMPLETED,770
2025-06-24,REPAIR_COMPLETED,766
2025-06-25,REPAIR_COMPLETED,768
2025-06-26,REPAIR_COMPLETED,750
2025-06-27,REPAIR_COMPLETED,806
2025-06-28,REPAIR_COMPLETED,793
2025-06-29,REPAIR_COMPLETED,752
2025-06-30,REPAIR_COMPLETED,802
2025-07-01,REPAIR_COMPLETED,743
2025-07-02,REPAIR_COMPLETED,739
2025-07-03,REPAIR_COMPLETED,744
2025-07-04,REPAIR_COMPLETED,831
2025-07-05,REPAIR_COMPLETED,770
2025-07-06,REPAIR_COMPLETED,783
2025-07-07,REPAIR_COMPLETED,768
2025-07-08,REPAIR_COMPLETED,777
2025-07-09,REPAIR_COMPLETED,765
2025-07-10,REPAIR_COMPLETED,726
2025-07-11,REPAIR_COMPLETED,798
2025-07-12,REPAIR_COMPLETED,757
2025-07-13,REPAIR_COMPLETED,782
2025-07-14,REPAIR_COMPLETED,793
2025-07-15,REPAIR_COMPLETED,815
2025-07-16,REPAIR_COMPLETED,745
2025-07-17,REPAIR_COMPLETED,805
2025-07-18,REPAIR_COMPLETED,783
2025-07-19,REPAIR_COMPLETED,733
2025-07-20,REPAIR_COMPLETED,789
2025-07-21,REPAIR_COMPLETED,760
2025-07-22,REPAIR_COMPLETED,735
2025-07-23,REPAIR_COMPLETED,722
2025-07-24,REPAIR_COMPLETED,795
2025-07-25,REPAIR_COMPLETED,796
2025-07-26,REPAIR_COMPLETED,711
2025-07-27,REPAIR_COMPLETED,696
2025-07-28,REPAIR_COMPLETED,784
2025-07-29,REPAIR_COMPLETED,689
2025-07-30,REPAIR_COMPLETED,788
2025-07-31,REPAIR_COMPLETED,782
2025-08-01,REPAIR_COMPLETED,785
2025-08-02,REPAIR_COMPLETED,756
2025-08-03,REPAIR_COMPLETED,810
2025-08-04,REPAIR_COMPLETED,750
2025-08-05,REPAIR_COMPLETED,765
2025-08-06,REPAIR_COMPLETED,826
2025-08-07,REPAIR_COMPLETED,719
2025-08-08,REPAIR_COMPLETED,725
2025-08-09,REPAIR_COMPLETED,767
2025-08-10,REPAIR_COMPLETED,782
2025-08-11,REPAIR_COMPLETED,796
2025-08-12,REPAIR_COMPLETED,800
2025-08-13,REPAIR_COMPLETED,749
2025-08-14,REPAIR_COMPLETED,742
2025-08-15,REPAIR_COMPLETED,763
2025-08-16,REPAIR_COMPLETED,776
2025-08-17,REPAIR_COMPLETED,767
2025-08-18,REPAIR_COMPLETED,767
2025-08-19,REPAIR_COMPLETED,754
2025-08-20,REPAIR_COMPLETED,784
2025-08-21,REPAIR_COMPLETED,747
2025-08-22,REPAIR_COMPLETED,768
2025-08-23,REPAIR_COMPLETED,753
2025-08-24,REPAIR_COMPLETED,782
2025-08-25,REPAIR_COMPLETED,749
2025-08-26,REPAIR_COMPLETED,783
2025-08-27,REPAIR_COMPLETED,772
2025-08-28,REPAIR_COMPLETED,754
2025-08-29,REPAIR_COMPLETED,722
2025-08-30,REPAIR_COMPLETED,741
2025-08-31,REPAIR_COMPLETED,783
2025-09-01,REPAIR_COMPLETED,785
2025-09-02,REPAIR_COMPLETED,786
2025-09-03,REPAIR_COMPLETED,799
2025-09-04,REPAIR_COMPLETED,774
2025-09-05,REPAIR_COMPLETED,719
2025-09-06,REPAIR_COMPLETED,751
2025-09-07,REPAIR_COMPLETED,750
2025-09-08,REPAIR_COMPLETED,772
2025-09-09,REPAIR_COMPLETED,766
2025-09-10,REPAIR_COMPLETED,842
2025-09-11,REPAIR_COMPLETED,772
2025-09-12,REPAIR_COMPLETED,766
2025-09-13,REPAIR_COMPLETED,777
2025-09-14,REPAIR_COMPLETED,718
2025-09-15,REPAIR_COMPLETED,787
2025-09-16,REPAIR_COMPLETED,754
2025-09-17,REPAIR_COMPLETED,784
2025-09-18,REPAIR_COMPLETED,752
2025-09-19,REPAIR_COMPLETED,809
2025-09-20,REPAIR_COMPLETED,768
2025-09-21,REPAIR_COMPLETED,789
2025-09-22,REPAIR_COMPLETED,770
2025-09-23,REPAIR_COMPLETED,701
2025-09-24,REPAIR_COMPLETED,710
2025-09-25,REPAIR_COMPLETED,808
2025-09-26,REPAIR_COMPLETED,773
2025-09-27,REPAIR_COMPLETED,826
2025-09-28,REPAIR_COMPLETED,798
2025-09-29,REPAIR_COMPLETED,732
2025-09-30,REPAIR_COMPLETED,771
2025-10-01,REPAIR_COMPLETED,763
2025-10-02,REPAIR_COMPLETED,744
2025-10-03,REPAIR_COMPLETED,751
2025-10-04,REPAIR_COMPLETED,768
2025-10-05,REPAIR_COMPLETED,760
2025-10-06,REPAIR_COMPLETED,771
2025-10-07,REPAIR_COMPLETED,727
2025-10-08,REPAIR_COMPLETED,775
2025-10-09,REPAIR_COMPLETED,762
2025-10-10,REPAIR_COMPLETED,766
2025-10-11,REPAIR_COMPLETED,801
2025-10-12,REPAIR_COMPLETED,761
2025-10-13,REPAIR_COMPLETED,780
2025-10-14,REPAIR_COMPLETED,750
2025-10-15,REPAIR_COMPLETED,739
2025-10-16,REPAIR_COMPLETED,724
2025-10-17,REPAIR_COMPLETED,755
2025-10-18,REPAIR_COMPLETED,773
2025-10-19,REPAIR_COMPLETED,725
2025-10-20,REPAIR_COMPLETED,813
2025-10-21,REPAIR_COMPLETED,790
2025-10-22,REPAIR_COMPLETED,774
2025-10-23,REPAIR_COMPLETED,775
2025-10-24,REPAIR_COMPLETED,790
2025-10-25,REPAIR_COMPLETED,782
2025-10-26,REPAIR_COMPLETED,802
2025-10-27,REPAIR_COMPLETED,727
2025-10-28,REPAIR_COMPLETED,836
2025-10-29,REPAIR_COMPLETED,793
2025-10-30,REPAIR_COMPLETED,799
2025-10-31,REPAIR_COMPLETED,773
2025-11-01,REPAIR_COMPLETED,766
2025-11-02,REPAIR_COMPLETED,738
2025-11-03,REPAIR_COMPLETED,760
2025-11-04,REPAIR_COMPLETED,740
2025-11-05,REPAIR_COMPLETED,734
2025-11-06,REPAIR_COMPLETED,771
2025-11-07,REPAIR_COMPLETED,758
2025-11-08,REPAIR_COMPLETED,797
2025-11-09,REPAIR_COMPLETED,762
2025-11-10,REPAIR_COMPLETED,773
2025-11-11,REPAIR_COMPLETED,818
2025-11-12,REPAIR_COMPLETED,723
2025-11-13,REPAIR_COMPLETED,797
2025-11-14,REPAIR_COMPLETED,772
2025-11-15,REPAIR_COMPLETED,781
2025-11-16,REPAIR_COMPLETED,764
2025-11-17,REPAIR_COMPLETED,767
2025-11-18,REPAIR_COMPLETED,794
2025-11-19,REPAIR_COMPLETED,793
2025-11-20,REPAIR_COMPLETED,786
2025-11-21,REPAIR_COMPLETED,811
2025-11-22,REPAIR_COMPLETED,751
2025-11-23,REPAIR_COMPLETED,764
2025-11-24,REPAIR_COMPLETED,812
2025-11-25,REPAIR_COMPLETED,778
2025-11-26,REPAIR_COMPLETED,754
2025-11-27,REPAIR_COMPLETED,846
2025-11-28,REPAIR_COMPLETED,743
2025-11-29,REPAIR_COMPLETED,758
2025-11-30,REPAIR_COMPLETED,798
2025-12-01,REPAIR_COMPLETED,787
2025-12-02,REPAIR_COMPLETED,762
2025-12-03,REPAIR_COMPLETED,774
2025-12-04,REPAIR_COMPLETED,731
2025-12-05,REPAIR_COMPLETED,828
2025-12-06,REPAIR_COMPLETED,739
2025-12-07,REPAIR_COMPLETED,782
2025-12-08,REPAIR_COMPLETED,776
2025-12-09,REPAIR_COMPLETED,762
2025-12-10,REPAIR_COMPLETED,761
2025-12-11,REPAIR_COMPLETED,743
2025-12-12,REPAIR_COMPLETED,786
2025-12-13,REPAIR_COMPLETED,769
2025-12-14,REPAIR_COMPLETED,756
2025-12-15,REPAIR_COMPLETED,768
2025-12-16,REPAIR_COMPLETED,758
2025-12-17,REPAIR_COMPLETED,814
2025-12-18,REPAIR_COMPLETED,805
2025-12-19,REPAIR_COMPLETED,824
2025-12-20,REPAIR_COMPLETED,786
2025-12-21,REPAIR_COMPLETED,743
2025-12-22,REPAIR_COMPLETED,752
2025-12-23,REPAIR_COMPLETED,759
2025-12-24,REPAIR_COMPLETED,765
2025-12-25,REPAIR_COMPLETED,723
2025-12-26,REPAIR_COMPLETED,720
2025-12-27,REPAIR_COMPLETED,737
2025-12-28,REPAIR_COMPLETED,787
2025-12-29,REPAIR_COMPLETED,765
2025-12-30,REPAIR_COMPLETED,764
2025-12-31,REPAIR_COMPLETED,735
2026-01-01,REPAIR_COMPLETED,751
2026-01-02,REPAIR_COMPLETED,740
2026-01-03,REPAIR_COMPLETED,781
2026-01-04,REPAIR_COMPLETED,772
2026-01-05,REPAIR_COMPLETED,781
2026-01-06,REPAIR_COMPLETED,746
2026-01-07,REPAIR_COMPLETED,736
2026-01-08,REPAIR_COMPLETED,767
2026-01-09,REPAIR_COMPLETED,787
2026-01-10,REPAIR_COMPLETED,830
2026-01-11,REPAIR_COMPLETED,780
2026-01-12,REPAIR_COMPLETED,784
2026-01-13,REPAIR_COMPLETED,803
2026-01-14,REPAIR_COMPLETED,829
2026-01-15,REPAIR_COMPLETED,735
2026-01-16,REPAIR_COMPLETED,769
2026-01-17,REPAIR_COMPLETED,768
2026-01-18,REPAIR_COMPLETED,788
2026-01-19,REPAIR_COMPLETED,819
2026-01-20,REPAIR_COMPLETED,783
2026-01-21,REPAIR_COMPLETED,765
2026-01-22,REPAIR_COMPLETED,787
2026-01-23,REPAIR_COMPLETED,802
2026-01-24,REPAIR_COMPLETED,810
2026-01-25,REPAIR_COMPLETED,809
2026-01-26,REPAIR_COMPLETED,722
2026-01-27,REPAIR_COMPLETED,731
2026-01-28,REPAIR_COMPLETED,744
2026-01-29,REPAIR_COMPLETED,781
2026-01-30,REPAIR_COMPLETED,713
2026-01-31,REPAIR_COMPLETED,751
2026-02-01,REPAIR_COMPLETED,789
2026-02-02,REPAIR_COMPLETED,760
2026-02-03,REPAIR_COMPLETED,737
2026-02-04,REPAIR_COMPLETED,782
2026-02-05,REPAIR_COMPLETED,721
2026-02-06,REPAIR_COMPLETED,798
2026-02-07,REPAIR_COMPLETED,794
2026-02-08,REPAIR_COMPLETED,762
2026-02-09,REPAIR_COMPLETED,774
2026-02-10,REPAIR_COMPLETED,821
2026-02-11,REPAIR_COMPLETED,733
2026-02-12,REPAIR_COMPLETED,758
2026-02-13,REPAIR_COMPLETED,798
2026-02-14,REPAIR_COMPLETED,734
2026-02-15,REPAIR_COMPLETED,802
2026-02-16,REPAIR_COMPLETED,791
2026-02-17,REPAIR_COMPLETED,706
2026-02-18,REPAIR_COMPLETED,775
2026-02-19,REPAIR_COMPLETED,754
2026-02-20,REPAIR_COMPLETED,731
2026-02-21,REPAIR_COMPLETED,792
2026-02-22,REPAIR_COMPLETED,737
2026-02-23,REPAIR_COMPLETED,819
2026-02-24,REPAIR_COMPLETED,779
2026-02-25,REPAIR_COMPLETED,789
2026-02-26,REPAIR_COMPLETED,752
2026-02-27,REPAIR_COMPLETED,748
2026-02-28,REPAIR_COMPLETED,727
2026-03-01,REPAIR_COMPLETED,818
2026-03-02,REPAIR_COMPLETED,772
2026-03-03,REPAIR_COMPLETED,805
2026-03-04,REPAIR_COMPLETED,798
2026-03-05,REPAIR_COMPLETED,768
2026-03-06,REPAIR_COMPLETED,761
2026-03-07,REPAIR_COMPLETED,801
2026-03-08,REPAIR_COMPLETED,820
2026-03-09,REPAIR_COMPLETED,792
2026-03-10,REPAIR_COMPLETED,788
2026-03-11,REPAIR_COMPLETED,786
2026-03-12,REPAIR_COMPLETED,799
2026-03-13,REPAIR_COMPLETED,765
2026-03-14,REPAIR_COMPLETED,749
2026-03-15,REPAIR_COMPLETED,723
2026-03-16,REPAIR_COMPLETED,737
2026-03-17,REPAIR_COMPLETED,738
2026-03-18,REPAIR_COMPLETED,784
2026-03-19,REPAIR_COMPLETED,772
2026-03-20,REPAIR_COMPLETED,817
2026-03-21,REPAIR_COMPLETED,753
2026-03-22,REPAIR_COMPLETED,754
2026-03-23,REPAIR_COMPLETED,750
2026-03-24,REPAIR_COMPLETED,756
2026-03-25,REPAIR_COMPLETED,756
2026-03-26,REPAIR_COMPLETED,808
2026-03-27,REPAIR_COMPLETED,768
2026-03-28,REPAIR_COMPLETED,797
2026-03-29,REPAIR_COMPLETED,788
2026-03-30,REPAIR_COMPLETED,748
2026-03-31,REPAIR_COMPLETED,792
2026-04-01,REPAIR_COMPLETED,827
2026-04-02,REPAIR_COMPLETED,802
2026-04-03,REPAIR_COMPLETED,806
2026-04-04,REPAIR_COMPLETED,777
2026-04-05,REPAIR_COMPLETED,748
2026-04-06,REPAIR_COMPLETED,857
2026-04-07,REPAIR_COMPLETED,771
2026-04-08,REPAIR_COMPLETED,741
2026-04-09,REPAIR_COMPLETED,741
2026-04-10,REPAIR_COMPLETED,780
2026-04-11,REPAIR_COMPLETED,783
2026-04-12,REPAIR_COMPLETED,766
2026-04-13,REPAIR_COMPLETED,851
2026-04-14,REPAIR_COMPLETED,775
2026-04-15,REPAIR_COMPLETED,744
2026-04-16,REPAIR_COMPLETED,822
2026-04-17,REPAIR_COMPLETED,842
2026-04-18,REPAIR_COMPLETED,764
2026-04-19,REPAIR_COMPLETED,759
2026-04-20,REPAIR_COMPLETED,826
2026-04-21,REPAIR_COMPLETED,738
2026-04-22,REPAIR_COMPLETED,779
2026-04-23,REPAIR_COMPLETED,757
2026-04-24,REPAIR_COMPLETED,816
2026-04-25,REPAIR_COMPLETED,776
2026-04-26,REPAIR_COMPLETED,875
2026-04-27,REPAIR_COMPLETED,784
2026-04-28,REPAIR_COMPLETED,792
2026-04-29,REPAIR_COMPLETED,779
2026-04-30,REPAIR_COMPLETED,808
2026-05-01,REPAIR_COMPLETED,785
2026-05-02,REPAIR_COMPLETED,804
2026-05-03,REPAIR_COMPLETED,790
2026-05-04,REPAIR_COMPLETED,778
2026-05-05,REPAIR_COMPLETED,757
2026-05-06,REPAIR_COMPLETED,771
2026-05-07,REPAIR_COMPLETED,746
2026-05-08,REPAIR_COMPLETED,789
2026-05-09,REPAIR_COMPLETED,791
2026-05-10,REPAIR_COMPLETED,792
2026-05-11,REPAIR_COMPLETED,784
2026-05-12,REPAIR_COMPLETED,824
2026-05-13,REPAIR_COMPLETED,745
2026-05-14,REPAIR_COMPLETED,773
2026-05-15,REPAIR_COMPLETED,786
2026-05-16,REPAIR_COMPLETED,757
2026-05-17,REPAIR_COMPLETED,768
2026-05-18,REPAIR_COMPLETED,812
2026-05-19,REPAIR_COMPLETED,765
2026-05-20,REPAIR_COMPLETED,776
2026-05-21,REPAIR_COMPLETED,742
2026-05-22,REPAIR_COMPLETED,744
2026-05-23,REPAIR_COMPLETED,785
2026-05-24,REPAIR_COMPLETED,802
2026-05-25,REPAIR_COMPLETED,759
2026-05-26,REPAIR_COMPLETED,840
2026-05-27,REPAIR_COMPLETED,745
2026-05-28,REPAIR_COMPLETED,777
2026-05-29,REPAIR_COMPLETED,745
2026-05-30,REPAIR_COMPLETED,770
2026-05-31,REPAIR_COMPLETED,734
2026-06-01,REPAIR_COMPLETED,807
2026-06-02,REPAIR_COMPLETED,786
2026-06-03,REPAIR_COMPLETED,770
2026-06-04,REPAIR_COMPLETED,731
2026-06-05,REPAIR_COMPLETED,729
2026-06-06,REPAIR_COMPLETED,768
2026-06-07,REPAIR_COMPLETED,803
2026-06-08,REPAIR_COMPLETED,767
2026-06-09,REPAIR_COMPLETED,748
2026-06-10,REPAIR_COMPLETED,747
2026-06-11,REPAIR_COMPLETED,799
2026-06-12,REPAIR_COMPLETED,802
2026-06-13,REPAIR_COMPLETED,723
2026-06-14,REPAIR_COMPLETED,791
2026-06-15,REPAIR_COMPLETED,768
2026-06-16,REPAIR_COMPLETED,764
2026-06-17,REPAIR_COMPLETED,800
2026-06-18,REPAIR_COMPLETED,770
2026-06-19,REPAIR_COMPLETED,769
2026-06-20,REPAIR_COMPLETED,768
2026-06-21,REPAIR_COMPLETED,789
2026-06-22,REPAIR_COMPLETED,746
2026-06-23,REPAIR_COMPLETED,729
2026-06-24,REPAIR_COMPLETED,802
2026-06-25,REPAIR_COMPLETED,782
2026-06-26,REPAIR_COMPLETED,836
2026-06-27,REPAIR_COMPLETED,785
2026-06-28,REPAIR_COMPLETED,760
2026-06-29,REPAIR_COMPLETED,745
2026-06-30,REPAIR_COMPLETED,802
2026-07-01,REPAIR_COMPLETED,764
2026-07-02,REPAIR_COMPLETED,771
2026-07-03,REPAIR_COMPLETED,798
2026-07-04,REPAIR_COMPLETED,719
2026-07-05,REPAIR_COMPLETED,738
2026-07-06,REPAIR_COMPLETED,784
2026-07-07,REPAIR_COMPLETED,779
2026-07-08,REPAIR_COMPLETED,762
2026-07-09,REPAIR_COMPLETED,755
2026-07-10,REPAIR_COMPLETED,727
2026-07-11,REPAIR_COMPLETED,768
2026-07-12,REPAIR_COMPLETED,788
2026-07-13,REPAIR_COMPLETED,763
2026-07-14,REPAIR_COMPLETED,779
2026-07-15,REPAIR_COMPLETED,756
2026-07-16,REPAIR_COMPLETED,744
2026-07-17,REPAIR_COMPLETED,774
2026-07-18,REPAIR_COMPLETED,803
2026-07-19,REPAIR_COMPLETED,795
2026-07-20,REPAIR_COMPLETED,774
2026-07-21,REPAIR_COMPLETED,775
2026-07-22,REPAIR_COMPLETED,796
2026-07-23,REPAIR_COMPLETED,783
2026-07-24,REPAIR_COMPLETED,796
2026-07-25,REPAIR_COMPLETED,776
2026-07-26,REPAIR_COMPLETED,779
2026-07-27,REPAIR_COMPLETED,807
2026-07-28,REPAIR_COMPLETED,821
2026-07-29,REPAIR_COMPLETED,777
2026-07-30,REPAIR_COMPLETED,727
2026-07-31,REPAIR_COMPLETED,793
2026-08-01,REPAIR_COMPLETED,786
2026-08-02,REPAIR_COMPLETED,802
2026-08-03,REPAIR_COMPLETED,797
2026-08-04,REPAIR_COMPLETED,734
2026-08-05,REPAIR_COMPLETED,761
2026-08-06,REPAIR_COMPLETED,831
2026-08-07,REPAIR_COMPLETED,736
2026-08-08,REPAIR_COMPLETED,779
2026-08-09,REPAIR_COMPLETED,737
2026-08-10,REPAIR_COMPLETED,790
2026-08-11,REPAIR_COMPLETED,761
2026-08-12,REPAIR_COMPLETED,763
2026-08-13,REPAIR_COMPLETED,743
2026-08-14,REPAIR_COMPLETED,777
2026-08-15,REPAIR_COMPLETED,762
2026-08-16,REPAIR_COMPLETED,726
2026-08-17,REPAIR_COMPLETED,749
2026-08-18,REPAIR_COMPLETED,733
2026-08-19,REPAIR_COMPLETED,757
2026-08-20,REPAIR_COMPLETED,722
2026-08-21,REPAIR_COMPLETED,759
2026-08-22,REPAIR_COMPLETED,748
2026-08-23,REPAIR_COMPLETED,768
2026-08-24,REPAIR_COMPLETED,776
2026-08-25,REPAIR_COMPLETED,784
2026-08-26,REPAIR_COMPLETED,729
2026-08-27,REPAIR_COMPLETED,824
2026-08-28,REPAIR_COMPLETED,714
2026-08-29,REPAIR_COMPLETED,819
2026-08-30,REPAIR_COMPLETED,731
2026-08-31,REPAIR_COMPLETED,683
2026-09-01,REPAIR_COMPLETED,758
2026-09-02,REPAIR_COMPLETED,683
2026-09-03,REPAIR_COMPLETED,761
2026-09-04,REPAIR_COMPLETED,780
2026-09-05,REPAIR_COMPLETED,837
2026-09-06,REPAIR_COMPLETED,778
2026-09-07,REPAIR_COMPLETED,798
2026-09-08,REPAIR_COMPLETED,733
2026-09-09,REPAIR_COMPLETED,773
2026-09-10,REPAIR_COMPLETED,814
2026-09-11,REPAIR_COMPLETED,711
2026-09-12,REPAIR_COMPLETED,722
2026-09-13,REPAIR_COMPLETED,733
2026-09-14,REPAIR_COMPLETED,761
2026-09-15,REPAIR_COMPLETED,791
2026-09-16,REPAIR_COMPLETED,755
2026-09-17,REPAIR_COMPLETED,773
2026-09-18,REPAIR_COMPLETED,812
2026-09-19,REPAIR_COMPLETED,777
2026-09-20,REPAIR_COMPLETED,770
2026-09-21,REPAIR_COMPLETED,781
2026-09-22,REPAIR_COMPLETED,795
2026-09-23,REPAIR_COMPLETED,751
2026-09-24,REPAIR_COMPLETED,766
2026-09-25,REPAIR_COMPLETED,712
2026-09-26,REPAIR_COMPLETED,761
2026-09-27,REPAIR_COMPLETED,791
2026-09-28,REPAIR_COMPLETED,722
2026-09-29,REPAIR_COMPLETED,765
2026-09-30,REPAIR_COMPLETED,288
